student_id,student_name,class_id,section,gender,date_of_birth,parent_contact
1,Noor Akhtar,9,A,Male,2013-11-09,0520771051
2,Fatima Zayed,8,B,Male,2014-11-14,0591107119
3,Omar Qureshi,5,A,Male,2015-03-04,0550384327
4,Noor Zayed,7,A,Female,2012-05-25,0588310924
5,Shazia Khan,3,A,Male,2012-01-01,0542368568
6,Bilal Farooq,10,B,Male,2015-01-28,0556667944
7,Omar Raza,11,A,Male,2013-04-30,0526852911
8,Kabir Hussain,1,A,Female,2011-05-01,0574342437
9,Shazia Akhtar,4,B,Female,2012-12-21,0530289578
10,Maria Khan,6,B,Male,2014-05-29,0522269105
11,Adeel Raza,11,A,Male,2010-07-01,0593095153
12,Fatima Raza,5,A,Female,2010-03-04,0589185670
13,Bilal Zayed,10,B,Female,2011-03-18,0562995694
14,Ali Khan,10,B,Male,2010-05-12,0558890115
15,Kabir Ahmed,12,B,Male,2012-04-18,0535308254
16,Bilal Ahmed,9,A,Female,2011-03-25,0553100924
17,Maria Noor,1,A,Male,2010-05-31,0518406487
18,Fatima Raza,2,B,Female,2015-03-22,0564116621
19,Kabir Khan,6,B,Female,2012-07-01,0583039529
20,Adeel Ahmed,6,B,Male,2014-07-27,0596426356
21,Kabir Qureshi,9,A,Female,2014-04-12,0520611712
22,Fatima Noor,7,A,Male,2013-10-21,0566622651
23,Zoya Akhtar,4,B,Male,2012-10-15,0596865411
24,Omar Fatima,10,B,Female,2010-05-15,0518424842
25,Sara Ahmed,5,A,Male,2011-05-13,0568547385
26,Sara Zayed,9,A,Female,2013-08-10,0527759146
27,Laila Zayed,5,A,Female,2012-10-05,0597742753
28,Omar Khan,1,A,Male,2013-01-23,0529914836
29,Hasan Noor,4,B,Female,2012-02-09,0519293340
30,Kabir Hussain,2,B,Male,2015-05-17,0512410250
31,Omar Qureshi,6,B,Male,2012-02-06,0576739785
32,Adeel Qureshi,8,B,Male,2013-04-08,0532566201
33,Laila Noor,12,B,Female,2011-06-25,0587865583
34,Bilal Khan,8,B,Female,2010-03-18,0563490961
35,Bilal Khan,6,B,Female,2014-12-28,0510852058
36,Adeel Farooq,8,B,Female,2010-05-19,0533782972
37,Ali Akhtar,4,B,Female,2013-03-24,0516325571
38,Kabir Fatima,3,A,Male,2010-05-22,0528021138
39,Kabir Khan,4,B,Female,2010-06-25,0536997279
40,Laila Zayed,8,B,Female,2012-06-25,0542035879
41,Zoya Akhtar,11,A,Female,2013-06-19,0535957046
42,Hasan Hussain,7,A,Female,2014-12-11,0552165517
43,Noor Fatima,3,A,Male,2011-12-27,0538352586
44,Shazia Ahmed,6,B,Female,2012-09-29,0553490880
45,Omar Zayed,9,A,Female,2015-05-30,0535375505
46,Noor Zayed,8,B,Male,2014-05-30,0570967470
47,Laila Qureshi,5,A,Male,2013-01-04,0578828629
48,Laila Ahmed,5,A,Female,2010-12-01,0566030079
49,Sara Noor,11,A,Female,2014-03-30,0549744446
50,Laila Fatima,12,B,Female,2013-02-16,0598899142
51,Fatima Noor,3,A,Female,2012-08-28,0599923191
52,Laila Qureshi,11,A,Female,2011-07-25,0576824194
53,Shazia Hussain,6,B,Male,2013-08-02,0565435922
54,Zoya Qureshi,10,B,Male,2013-05-03,0529152524
55,Hasan Farooq,10,B,Male,2014-03-22,0562383891
56,Shazia Fatima,12,B,Female,2011-12-18,0539965719
57,Zoya Raza,7,A,Female,2010-09-30,0511704573
58,Imran Zayed,9,A,Male,2011-05-15,0573018049
59,Kabir Ahmed,5,A,Female,2013-05-03,0553995163
60,Adeel Farooq,5,A,Male,2011-09-05,0574088873
61,Hamza Noor,5,A,Male,2010-08-28,0511980712
62,Hira Qureshi,9,A,Female,2013-10-02,0591644479
63,Maria Zayed,8,B,Female,2012-10-08,0534223272
64,Bilal Zayed,2,B,Female,2012-09-21,0554371169
65,Hira Akhtar,1,A,Male,2012-01-11,0580975798
66,Bilal Raza,7,A,Female,2014-10-19,0532558409
67,Imran Hussain,11,A,Female,2010-12-29,0544774917
68,Fatima Khan,9,A,Female,2012-11-12,0564668972
69,Adeel Ahmed,10,B,Female,2015-06-07,0560637676
70,Imran Ahmed,4,B,Female,2010-09-04,0561582792
71,Sara Ahmed,10,B,Male,2015-03-26,0562648269
72,Sara Hussain,7,A,Male,2015-02-14,0582071617
73,Maria Noor,3,A,Female,2013-04-06,0541906275
74,Hira Zayed,5,A,Female,2015-06-18,0510401305
75,Laila Farooq,8,B,Male,2012-08-08,0531503257
76,Fatima Akhtar,3,A,Female,2014-10-02,0535061014
77,Fatima Ahmed,8,B,Male,2010-04-21,0521102324
78,Kabir Ahmed,4,B,Female,2011-03-18,0535485187
79,Maria Hussain,3,A,Male,2015-04-12,0516472323
80,Zoya Noor,11,A,Male,2010-09-17,0537873747
81,Noor Akhtar,12,B,Female,2014-10-18,0597875637
82,Laila Hussain,7,A,Male,2014-04-13,0584869274
83,Hasan Khan,6,B,Female,2011-02-02,0516967209
84,Imran Zayed,3,A,Male,2011-06-07,0513033650
85,Omar Fatima,2,B,Female,2015-02-07,0539114123
86,Ali Hussain,11,A,Male,2010-11-08,0599105460
87,Imran Ahmed,3,A,Female,2015-03-05,0595305186
88,Zoya Ahmed,11,A,Male,2010-07-06,0562493651
89,Zoya Raza,2,B,Male,2010-08-27,0579612111
90,Maria Hussain,1,A,Male,2014-02-28,0550103980
91,Adeel Fatima,9,A,Female,2014-07-23,0572820078
92,Noor Zayed,6,B,Male,2011-10-07,0532097167
93,Ali Noor,8,B,Male,2010-10-27,0563049049
94,Kabir Raza,3,A,Male,2010-02-22,0578366027
95,Bilal Zayed,6,B,Male,2014-08-22,0536516786
96,Shazia Ahmed,2,B,Male,2010-08-23,0567749224
97,Kabir Farooq,2,B,Male,2012-11-22,0524399138
98,Fatima Khan,7,A,Female,2013-09-22,0560909288
99,Laila Farooq,6,B,Male,2014-01-12,0531611904
100,Kabir Fatima,6,B,Male,2012-07-25,0527274085
101,Maria Hussain,8,B,Female,2010-07-04,0545497234
102,Adeel Qureshi,4,B,Female,2010-08-14,0511907417
103,Laila Hussain,4,B,Female,2012-11-09,0591598351
104,Hira Ahmed,9,A,Male,2012-07-07,0536368674
105,Fatima Qureshi,1,A,Male,2012-12-15,0536106841
106,Adeel Akhtar,2,B,Male,2010-04-03,0555644790
107,Shazia Raza,11,A,Male,2014-12-03,0585068789
108,Noor Farooq,7,A,Male,2013-02-03,0592951244
109,Bilal Khan,12,B,Female,2014-11-26,0578310891
110,Imran Ahmed,11,A,Female,2011-06-04,0542701299
111,Noor Ahmed,9,A,Male,2012-01-18,0563204705
112,Hamza Qureshi,7,A,Male,2010-02-01,0581994087
113,Hamza Noor,12,B,Male,2014-07-04,0586115527
114,Adeel Farooq,7,A,Male,2011-03-19,0544186542
115,Imran Hussain,10,B,Female,2013-04-13,0575263857
116,Sara Hussain,1,A,Male,2012-03-11,0575923182
117,Sara Fatima,10,B,Female,2014-06-11,0514291153
118,Imran Fatima,4,B,Female,2013-03-07,0594770167
119,Hasan Qureshi,6,B,Female,2012-03-20,0549174676
120,Hasan Khan,6,B,Male,2010-10-09,0584157865
121,Adeel Khan,7,A,Male,2012-08-04,0587829377
122,Imran Noor,2,B,Female,2013-07-12,0578093545
123,Omar Farooq,12,B,Female,2014-10-06,0564831275
124,Shazia Noor,4,B,Male,2010-03-12,0579597748
125,Imran Hussain,8,B,Female,2014-01-17,0546963664
126,Ali Qureshi,5,A,Female,2014-01-05,0527824927
127,Sara Farooq,3,A,Female,2010-03-21,0564824522
128,Sara Raza,4,B,Female,2013-04-03,0587621095
129,Maria Raza,3,A,Female,2011-05-27,0524197159
130,Adeel Akhtar,1,A,Female,2010-10-09,0542691269
131,Maria Fatima,12,B,Male,2012-07-12,0574202686
132,Adeel Raza,11,A,Female,2013-12-23,0591697856
133,Omar Zayed,8,B,Male,2014-10-23,0570732514
134,Sara Qureshi,9,A,Male,2010-06-01,0566518719
135,Omar Khan,7,A,Female,2012-05-14,0539369952
136,Hamza Khan,6,B,Female,2014-07-13,0558767582
137,Adeel Khan,2,B,Female,2011-07-03,0513538555
138,Laila Raza,6,B,Female,2010-05-22,0587596219
139,Omar Hussain,6,B,Female,2013-08-02,0532511995
140,Sara Qureshi,3,A,Female,2013-05-04,0554804627
141,Zoya Ahmed,5,A,Male,2012-01-15,0572427415
142,Sara Ahmed,5,A,Male,2013-05-01,0562776967
143,Fatima Fatima,6,B,Male,2013-04-18,0530503151
144,Hira Raza,4,B,Female,2014-12-05,0577941610
145,Adeel Qureshi,10,B,Male,2012-09-19,0545130932
146,Noor Fatima,3,A,Male,2011-03-06,0529995369
147,Shazia Ahmed,8,B,Male,2012-05-14,0538555923
148,Kabir Noor,10,B,Female,2013-10-24,0540049916
149,Hamza Ahmed,11,A,Female,2011-12-20,0539623429
150,Ali Fatima,9,A,Female,2010-12-18,0584399368
151,Hira Noor,2,B,Male,2014-02-26,0544056080
152,Adeel Farooq,8,B,Female,2013-05-22,0568473124
153,Bilal Ahmed,9,A,Female,2012-11-29,0564084543
154,Fatima Qureshi,6,B,Male,2010-11-08,0551028804
155,Bilal Hussain,2,B,Female,2012-02-12,0566423736
156,Imran Qureshi,5,A,Male,2012-10-31,0566197775
157,Bilal Qureshi,10,B,Female,2014-11-06,0575272958
158,Bilal Hussain,7,A,Female,2012-04-15,0592046354
159,Zoya Khan,9,A,Male,2015-02-27,0565026755
160,Maria Qureshi,12,B,Female,2013-02-16,0541684829
161,Shazia Ahmed,10,B,Female,2012-12-17,0521172516
162,Noor Noor,8,B,Male,2010-08-02,0517066358
163,Hamza Qureshi,5,A,Female,2011-12-21,0564765920
164,Laila Ahmed,7,A,Male,2013-08-11,0526422970
165,Adeel Akhtar,6,B,Female,2010-12-29,0543073325
166,Zoya Qureshi,8,B,Male,2014-06-01,0566408115
167,Omar Noor,7,A,Male,2014-04-19,0556429437
168,Zoya Fatima,1,A,Male,2012-01-12,0581509544
169,Laila Qureshi,9,A,Male,2011-04-18,0516748178
170,Maria Hussain,12,B,Female,2011-11-15,0528180035
171,Hamza Ahmed,9,A,Male,2015-06-07,0555666906
172,Omar Noor,10,B,Male,2011-06-07,0553920885
173,Imran Farooq,6,B,Male,2013-11-17,0574865379
174,Ali Ahmed,12,B,Male,2013-03-22,0541813921
175,Hamza Hussain,7,A,Male,2012-12-15,0540561100
176,Laila Ahmed,12,B,Male,2011-08-26,0586675308
177,Bilal Khan,11,A,Male,2010-05-05,0510569485
178,Laila Raza,3,A,Male,2013-03-10,0576014815
179,Shazia Akhtar,4,B,Male,2014-09-27,0569357416
180,Fatima Khan,9,A,Female,2013-03-10,0561445407
181,Imran Raza,2,B,Female,2012-06-11,0593194953
182,Omar Raza,8,B,Female,2011-04-03,0533569218
183,Kabir Farooq,4,B,Male,2011-08-25,0516290337
184,Kabir Zayed,7,A,Female,2014-09-06,0569166887
185,Zoya Qureshi,4,B,Female,2011-11-20,0590705140
186,Zoya Farooq,7,A,Female,2011-08-10,0511981294
187,Hasan Ahmed,4,B,Female,2011-05-19,0581542340
188,Adeel Noor,11,A,Female,2011-11-21,0529014321
189,Shazia Farooq,8,B,Male,2011-04-10,0589420926
190,Laila Fatima,4,B,Male,2013-05-20,0547917986
191,Sara Qureshi,6,B,Male,2014-09-23,0531870522
192,Bilal Hussain,3,A,Male,2012-11-25,0562749056
193,Fatima Qureshi,6,B,Male,2010-10-28,0530852913
194,Zoya Akhtar,2,B,Male,2013-09-23,0512038252
195,Adeel Akhtar,10,B,Male,2014-01-22,0514791318
196,Shazia Fatima,12,B,Female,2012-09-03,0543565580
197,Adeel Ahmed,10,B,Male,2013-10-29,0544870835
198,Omar Raza,5,A,Male,2013-07-12,0578742137
199,Shazia Akhtar,11,A,Female,2013-06-02,0570599305
200,Imran Zayed,5,A,Male,2012-07-22,0512317249
201,Fatima Qureshi,1,A,Female,2010-05-31,0535758616
202,Shazia Raza,2,B,Male,2011-08-10,0597517471
203,Sara Ahmed,6,B,Female,2012-09-09,0553222404
204,Kabir Khan,7,A,Female,2014-08-05,0518165917
205,Hamza Hussain,10,B,Female,2012-05-30,0533805664
206,Laila Akhtar,7,A,Female,2015-04-24,0596710814
207,Ali Fatima,1,A,Male,2014-08-28,0542997720
208,Omar Akhtar,1,A,Female,2013-07-08,0582449047
209,Imran Farooq,1,A,Male,2014-09-02,0570785887
210,Ali Zayed,1,A,Female,2010-06-29,0538430073
211,Shazia Ahmed,5,A,Female,2013-07-11,0556925552
212,Zoya Khan,11,A,Female,2010-03-14,0546310711
213,Hira Hussain,8,B,Male,2013-08-29,0511384258
214,Fatima Fatima,6,B,Female,2011-09-23,0530111477
215,Sara Hussain,11,A,Male,2012-02-28,0529011807
216,Noor Ahmed,1,A,Male,2011-09-20,0556454450
217,Zoya Zayed,6,B,Female,2013-03-01,0525043394
218,Hamza Ahmed,3,A,Male,2013-11-13,0580660936
219,Maria Zayed,2,B,Female,2014-08-19,0595131907
220,Hasan Qureshi,3,A,Female,2010-10-15,0545071735
221,Shazia Hussain,10,B,Male,2012-09-07,0538162227
222,Zoya Khan,3,A,Female,2014-01-10,0513858992
223,Fatima Raza,3,A,Male,2014-09-24,0527611683
224,Hasan Hussain,9,A,Female,2011-07-23,0537568717
225,Omar Raza,1,A,Male,2011-12-11,0537205679
226,Hira Raza,2,B,Male,2015-05-27,0589710887
227,Ali Khan,8,B,Male,2012-08-19,0550566032
228,Hasan Khan,7,A,Male,2010-02-18,0569499329
229,Hamza Noor,1,A,Male,2012-05-12,0527252209
230,Laila Zayed,4,B,Male,2015-06-18,0589240728
231,Zoya Farooq,12,B,Male,2010-07-14,0511260207
232,Fatima Raza,3,A,Female,2013-10-28,0537894946
233,Fatima Akhtar,12,B,Male,2011-07-17,0565757324
234,Hamza Qureshi,10,B,Male,2011-08-16,0575233239
235,Shazia Raza,6,B,Male,2011-02-07,0527041848
236,Hasan Akhtar,2,B,Male,2015-06-06,0551944850
237,Ali Raza,12,B,Female,2014-04-18,0569217571
238,Zoya Farooq,9,A,Male,2010-03-04,0553840782
239,Ali Ahmed,2,B,Male,2011-09-12,0568977256
240,Maria Farooq,6,B,Female,2011-02-03,0575919054
241,Sara Zayed,3,A,Female,2012-02-08,0520718173
242,Maria Farooq,10,B,Male,2011-10-18,0581054239
243,Kabir Zayed,8,B,Female,2010-12-31,0554027833
244,Laila Zayed,2,B,Female,2012-06-20,0526207505
245,Bilal Khan,7,A,Female,2010-03-01,0546578482
246,Sara Farooq,5,A,Female,2013-02-03,0526443226
247,Imran Zayed,9,A,Male,2013-08-07,0518467562
248,Sara Fatima,1,A,Female,2010-12-12,0566062308
249,Zoya Fatima,7,A,Male,2010-10-06,0577138570
250,Noor Zayed,1,A,Male,2010-10-09,0568821230
251,Zoya Zayed,6,B,Male,2012-11-18,0533033260
252,Hamza Qureshi,5,A,Male,2013-02-26,0557717741
253,Fatima Fatima,12,B,Male,2013-12-18,0543019217
254,Adeel Qureshi,9,A,Male,2011-04-01,0522439913
255,Sara Zayed,2,B,Male,2011-12-18,0565771265
256,Kabir Qureshi,9,A,Female,2012-04-27,0541261506
257,Sara Hussain,7,A,Female,2014-10-22,0535747120
258,Sara Noor,8,B,Male,2010-06-26,0579942739
259,Hira Noor,1,A,Male,2011-10-16,0552200700
260,Noor Fatima,2,B,Male,2011-05-16,0560888422
261,Adeel Ahmed,6,B,Male,2013-11-01,0549402428
262,Imran Khan,10,B,Female,2012-06-29,0549155665
263,Adeel Raza,2,B,Male,2011-09-23,0552462420
264,Ali Raza,6,B,Male,2011-03-07,0520080523
265,Adeel Zayed,4,B,Female,2011-11-17,0541113959
266,Hasan Ahmed,10,B,Male,2014-09-26,0578569640
267,Maria Zayed,2,B,Female,2015-04-12,0548241218
268,Hira Farooq,1,A,Male,2010-08-22,0573491861
269,Adeel Qureshi,2,B,Male,2011-08-02,0541045208
270,Omar Hussain,6,B,Female,2013-01-09,0589901762
271,Maria Noor,12,B,Male,2013-03-18,0557386424
272,Shazia Zayed,9,A,Female,2010-08-15,0586937866
273,Laila Noor,11,A,Female,2013-02-28,0513793315
274,Imran Farooq,8,B,Male,2012-06-26,0577195858
275,Adeel Noor,3,A,Female,2012-08-14,0550053539
276,Hamza Noor,6,B,Male,2010-01-13,0534145575
277,Hasan Khan,12,B,Female,2012-12-09,0580151526
278,Maria Ahmed,4,B,Male,2010-11-14,0561551563
279,Maria Farooq,12,B,Female,2014-07-15,0546537130
280,Omar Fatima,11,A,Female,2014-04-12,0521012977
281,Shazia Fatima,11,A,Female,2012-08-14,0512817481
282,Kabir Farooq,6,B,Female,2011-07-01,0586816797
283,Adeel Akhtar,7,A,Female,2010-01-18,0597755070
284,Maria Fatima,2,B,Female,2013-06-19,0522545335
285,Adeel Raza,5,A,Female,2013-03-13,0523014508
286,Sara Khan,11,A,Female,2013-06-24,0573345268
287,Fatima Fatima,1,A,Male,2014-01-23,0543713148
288,Bilal Ahmed,6,B,Male,2012-09-10,0582920085
289,Shazia Zayed,12,B,Female,2015-06-05,0590274847
290,Maria Hussain,8,B,Female,2011-03-08,0583708276
291,Adeel Fatima,9,A,Female,2014-12-02,0597476220
292,Fatima Qureshi,9,A,Female,2015-03-24,0529420436
293,Hasan Hussain,11,A,Female,2012-09-01,0530929492
294,Fatima Zayed,2,B,Female,2010-11-20,0516346229
295,Hira Akhtar,7,A,Female,2013-06-12,0518951254
296,Adeel Khan,1,A,Female,2010-02-17,0523549766
297,Hasan Fatima,12,B,Female,2014-11-24,0539089704
298,Hamza Khan,3,A,Male,2010-12-20,0514312511
299,Sara Akhtar,8,B,Male,2010-05-24,0593020973
300,Bilal Farooq,10,B,Female,2013-03-23,0553136236
301,Fatima Ahmed,11,A,Male,2012-06-26,0566622303
302,Hasan Farooq,4,B,Male,2013-09-07,0542674835
303,Shazia Zayed,2,B,Female,2010-05-08,0531775770
304,Fatima Zayed,7,A,Male,2014-05-03,0543338391
305,Hasan Raza,5,A,Female,2012-07-27,0598864823
306,Maria Farooq,3,A,Male,2013-12-30,0523379919
307,Zoya Farooq,1,A,Female,2010-03-13,0593229226
308,Shazia Ahmed,10,B,Male,2015-01-01,0575220633
309,Ali Hussain,6,B,Female,2012-01-31,0562135713
310,Sara Raza,8,B,Male,2011-05-09,0591209959
311,Ali Raza,3,A,Female,2015-05-05,0518726534
312,Noor Raza,1,A,Female,2014-11-20,0552032420
313,Imran Zayed,12,B,Male,2015-03-12,0545230447
314,Noor Raza,8,B,Male,2012-08-28,0595517881
315,Hasan Raza,3,A,Male,2010-12-04,0538266530
316,Kabir Farooq,4,B,Female,2012-09-21,0584445147
317,Noor Khan,11,A,Male,2010-03-31,0584182662
318,Shazia Zayed,6,B,Male,2013-05-22,0535726934
319,Hira Qureshi,7,A,Male,2011-04-26,0578527498
320,Laila Noor,12,B,Female,2010-09-15,0552556369
321,Omar Zayed,2,B,Female,2012-08-03,0523522647
322,Sara Raza,3,A,Male,2014-03-28,0579420045
323,Hamza Hussain,7,A,Female,2014-03-07,0554370751
324,Kabir Zayed,6,B,Female,2012-02-18,0525863564
325,Hasan Noor,10,B,Male,2015-04-19,0590593407
326,Noor Ahmed,7,A,Female,2012-07-30,0516165514
327,Hamza Raza,9,A,Male,2011-12-12,0599567957
328,Kabir Hussain,11,A,Female,2012-01-19,0545727833
329,Imran Khan,8,B,Male,2011-04-08,0562874006
330,Sara Qureshi,3,A,Female,2012-04-28,0530418295
331,Omar Farooq,11,A,Male,2014-01-09,0597312668
332,Zoya Raza,10,B,Female,2012-01-01,0539325900
333,Zoya Qureshi,3,A,Male,2014-05-07,0520488308
334,Hamza Farooq,3,A,Female,2015-05-03,0589973733
335,Adeel Zayed,6,B,Male,2013-05-26,0575625698
336,Hasan Hussain,2,B,Female,2012-05-06,0525218813
337,Adeel Fatima,2,B,Male,2011-11-24,0575604656
338,Shazia Hussain,2,B,Male,2014-03-01,0529093954
339,Zoya Fatima,6,B,Female,2012-04-24,0590999853
340,Zoya Zayed,7,A,Female,2013-12-20,0529923688
341,Shazia Ahmed,10,B,Male,2010-02-10,0557700187
342,Ali Farooq,1,A,Male,2011-01-23,0511268268
343,Noor Hussain,9,A,Female,2013-01-21,0573606318
344,Sara Zayed,11,A,Female,2011-08-12,0569721901
345,Kabir Noor,4,B,Female,2010-03-14,0544304791
346,Zoya Fatima,2,B,Male,2013-06-15,0559402873
347,Omar Farooq,10,B,Male,2012-09-09,0518459826
348,Laila Akhtar,3,A,Female,2013-06-05,0539928797
349,Imran Zayed,8,B,Male,2010-01-05,0523871124
350,Bilal Qureshi,11,A,Male,2014-11-20,0526670023
351,Kabir Farooq,4,B,Female,2014-08-20,0547969228
352,Noor Khan,5,A,Female,2010-06-18,0569420969
353,Ali Zayed,2,B,Female,2012-08-04,0539512318
354,Kabir Fatima,6,B,Female,2013-06-04,0514410634
355,Hamza Hussain,4,B,Female,2011-06-09,0516203880
356,Shazia Qureshi,8,B,Female,2013-08-24,0528646529
357,Maria Fatima,4,B,Female,2014-01-12,0586703322
358,Hasan Zayed,10,B,Female,2010-09-05,0520247600
359,Omar Ahmed,12,B,Male,2011-08-23,0512759937
360,Hasan Farooq,12,B,Male,2014-07-05,0578336827
361,Hasan Akhtar,8,B,Male,2015-02-15,0537289949
362,Ali Farooq,8,B,Male,2013-11-12,0594028799
363,Laila Zayed,9,A,Male,2010-05-15,0562609460
364,Ali Zayed,8,B,Female,2013-09-24,0555689896
365,Ali Qureshi,1,A,Female,2014-07-27,0589243452
366,Bilal Noor,5,A,Male,2011-10-25,0525841879
367,Laila Ahmed,1,A,Female,2012-07-18,0598780557
368,Zoya Hussain,2,B,Female,2010-04-22,0518476733
369,Zoya Farooq,7,A,Male,2015-06-20,0517416929
370,Ali Noor,4,B,Male,2013-11-22,0554246942
371,Noor Qureshi,5,A,Male,2015-01-25,0527298074
372,Ali Akhtar,1,A,Male,2011-11-22,0531879953
373,Zoya Akhtar,4,B,Male,2014-02-27,0557539017
374,Adeel Farooq,11,A,Female,2011-11-17,0522942329
375,Noor Fatima,1,A,Male,2011-03-07,0539256576
376,Noor Noor,12,B,Male,2013-08-19,0570690674
377,Hamza Akhtar,3,A,Female,2013-04-03,0534323086
378,Ali Akhtar,1,A,Male,2013-10-26,0555719039
379,Fatima Hussain,7,A,Male,2011-07-09,0542940821
380,Fatima Ahmed,10,B,Female,2012-11-22,0540839158
381,Noor Ahmed,9,A,Female,2014-06-19,0524505450
382,Zoya Farooq,5,A,Female,2010-07-09,0561893369
383,Bilal Hussain,8,B,Male,2011-12-27,0517294978
384,Shazia Fatima,9,A,Female,2014-08-04,0540134842
385,Adeel Qureshi,11,A,Female,2011-01-16,0578871816
386,Hamza Akhtar,6,B,Male,2013-03-01,0542433516
387,Shazia Qureshi,8,B,Female,2011-01-14,0513374875
388,Omar Ahmed,12,B,Female,2013-01-21,0561273991
389,Fatima Ahmed,7,A,Male,2011-07-22,0547036075
390,Ali Hussain,11,A,Female,2012-07-28,0525118531
391,Zoya Noor,9,A,Male,2010-11-28,0580454525
392,Kabir Farooq,12,B,Female,2011-02-20,0589488640
393,Zoya Ahmed,3,A,Female,2015-01-17,0575512442
394,Shazia Khan,12,B,Male,2013-12-28,0544737277
395,Hamza Akhtar,8,B,Female,2013-08-07,0588013330
396,Noor Akhtar,6,B,Female,2010-05-02,0571848410
397,Ali Raza,2,B,Female,2012-10-02,0543947859
398,Imran Hussain,6,B,Male,2010-11-19,0579603676
399,Laila Ahmed,10,B,Female,2014-03-23,0534964459
400,Fatima Khan,6,B,Female,2010-03-26,0536341594
401,Imran Khan,7,A,Male,2014-09-13,0597820289
402,Shazia Noor,9,A,Male,2012-10-03,0548916095
403,Omar Farooq,1,A,Male,2012-04-13,0555031226
404,Bilal Fatima,1,A,Male,2015-06-22,0522649388
405,Maria Qureshi,2,B,Male,2012-09-01,0572035265
406,Adeel Zayed,3,A,Male,2014-01-26,0558179088
407,Hasan Hussain,12,B,Female,2013-08-19,0585067474
408,Noor Farooq,2,B,Male,2014-07-02,0563509286
409,Omar Raza,7,A,Male,2010-07-03,0543350783
410,Bilal Ahmed,8,B,Male,2011-05-05,0580603596
411,Imran Noor,1,A,Female,2013-04-22,0526326269
412,Imran Farooq,2,B,Female,2014-09-21,0586030344
413,Sara Qureshi,6,B,Male,2013-06-28,0568557197
414,Bilal Khan,10,B,Female,2012-04-18,0527674572
415,Hasan Raza,12,B,Female,2010-08-27,0535696077
416,Ali Noor,3,A,Male,2010-03-11,0526494506
417,Hamza Zayed,6,B,Male,2015-04-28,0544665493
418,Sara Qureshi,10,B,Female,2012-12-21,0543761782
419,Kabir Noor,10,B,Female,2015-04-16,0575003197
420,Hasan Khan,6,B,Male,2014-10-07,0576189428
421,Bilal Qureshi,12,B,Male,2013-05-06,0529874946
422,Adeel Hussain,4,B,Female,2015-01-22,0570100676
423,Zoya Ahmed,1,A,Male,2014-06-07,0535429696
424,Hasan Qureshi,11,A,Male,2010-06-15,0544964380
425,Bilal Raza,2,B,Male,2011-04-01,0558798220
426,Kabir Qureshi,3,A,Female,2011-05-17,0557883212
427,Hasan Fatima,2,B,Male,2012-02-23,0575054131
428,Shazia Khan,1,A,Male,2014-07-25,0519892769
429,Omar Akhtar,6,B,Female,2011-04-24,0549059512
430,Omar Fatima,11,A,Male,2011-07-22,0531962909
431,Zoya Khan,9,A,Male,2012-08-30,0515991198
432,Maria Raza,11,A,Male,2010-12-06,0525438214
433,Omar Hussain,11,A,Female,2012-12-04,0523028154
434,Sara Khan,11,A,Male,2011-07-28,0514057814
435,Imran Raza,2,B,Male,2012-10-19,0588460119
436,Sara Noor,10,B,Female,2011-12-02,0560571464
437,Sara Akhtar,5,A,Male,2013-07-07,0517602458
438,Adeel Fatima,1,A,Male,2011-05-30,0510113930
439,Fatima Fatima,1,A,Male,2010-09-13,0512312941
440,Shazia Raza,8,B,Female,2014-07-20,0526745418
441,Zoya Zayed,5,A,Male,2013-05-06,0574347769
442,Adeel Akhtar,5,A,Female,2012-08-28,0560709444
443,Hira Raza,4,B,Female,2013-03-05,0552210909
444,Hira Hussain,11,A,Male,2010-03-20,0537821309
445,Kabir Fatima,3,A,Female,2012-09-13,0584289019
446,Hira Hussain,9,A,Female,2013-12-08,0585099984
447,Omar Farooq,7,A,Male,2015-05-15,0525314765
448,Kabir Zayed,6,B,Male,2012-07-21,0595500892
449,Hamza Zayed,7,A,Male,2014-09-29,0555538869
450,Adeel Farooq,2,B,Female,2013-07-01,0548681612
451,Noor Akhtar,7,A,Female,2011-02-04,0512965936
452,Laila Qureshi,2,B,Male,2013-12-09,0591413536
453,Imran Zayed,6,B,Female,2013-11-08,0520181165
454,Hasan Khan,2,B,Female,2011-03-03,0533039915
455,Bilal Fatima,4,B,Male,2012-01-09,0582087473
456,Imran Noor,4,B,Male,2014-05-01,0542112647
457,Imran Hussain,2,B,Female,2010-04-29,0539546117
458,Ali Zayed,4,B,Male,2013-10-22,0574450385
459,Shazia Hussain,5,A,Male,2014-05-11,0574451045
460,Shazia Qureshi,2,B,Female,2014-02-20,0527993259
461,Shazia Fatima,6,B,Female,2011-03-03,0571302904
462,Bilal Raza,7,A,Female,2012-08-26,0571623860
463,Laila Ahmed,12,B,Female,2013-07-18,0551563357
464,Fatima Khan,9,A,Female,2014-11-11,0574686821
465,Kabir Fatima,11,A,Male,2010-05-19,0547975915
466,Bilal Zayed,10,B,Male,2013-07-09,0547364664
467,Kabir Ahmed,12,B,Female,2014-04-09,0551355603
468,Imran Fatima,5,A,Male,2010-07-20,0546799776
469,Ali Khan,3,A,Male,2010-05-03,0542918512
470,Hamza Hussain,11,A,Male,2014-05-26,0587461273
471,Sara Farooq,8,B,Male,2010-10-23,0570078369
472,Ali Noor,4,B,Female,2012-02-16,0556265828
473,Bilal Zayed,1,A,Female,2014-07-26,0541488278
474,Sara Farooq,9,A,Male,2010-07-16,0541904681
475,Fatima Akhtar,9,A,Female,2011-01-27,0527352177
476,Adeel Zayed,1,A,Male,2013-09-26,0587905680
477,Hamza Farooq,10,B,Female,2015-04-24,0534214356
478,Fatima Qureshi,8,B,Female,2014-07-12,0555734180
479,Zoya Khan,12,B,Female,2015-04-16,0539015947
480,Imran Raza,8,B,Female,2012-11-01,0543963264
481,Sara Akhtar,6,B,Female,2014-01-05,0572687019
482,Shazia Fatima,3,A,Female,2012-10-06,0557238867
483,Imran Qureshi,11,A,Female,2014-01-11,0539995572
484,Hasan Raza,7,A,Female,2011-04-08,0540123591
485,Hira Zayed,10,B,Female,2012-11-06,0532231834
486,Noor Hussain,10,B,Male,2013-03-09,0547691685
487,Fatima Hussain,4,B,Male,2012-04-16,0585252836
488,Noor Ahmed,12,B,Female,2012-11-17,0539020765
489,Maria Ahmed,5,A,Female,2014-09-23,0599309945
490,Omar Fatima,5,A,Male,2012-05-28,0546843434
491,Shazia Hussain,11,A,Male,2014-01-10,0546733631
492,Fatima Qureshi,8,B,Female,2014-11-28,0563280160
493,Shazia Farooq,2,B,Male,2014-08-20,0588584021
494,Hasan Fatima,5,A,Male,2011-08-30,0597272758
495,Noor Akhtar,11,A,Female,2011-04-16,0525333781
496,Fatima Fatima,6,B,Female,2011-12-15,0540384688
497,Imran Zayed,5,A,Female,2010-03-17,0586928874
498,Adeel Akhtar,12,B,Male,2015-01-10,0571717777
499,Hira Qureshi,10,B,Male,2010-05-26,0556008249
500,Laila Fatima,9,A,Male,2011-11-07,0510957738
501,Ali Hussain,12,B,Male,2014-04-05,0547483726
502,Sara Fatima,8,B,Female,2010-11-02,0512261108
503,Maria Ahmed,10,B,Male,2015-03-26,0533664970
504,Laila Noor,1,A,Male,2010-04-03,0526812037
505,Noor Qureshi,1,A,Female,2014-09-11,0535352830
506,Omar Fatima,12,B,Female,2014-12-09,0511154411
507,Bilal Hussain,1,A,Male,2012-03-09,0544471498
508,Shazia Fatima,12,B,Female,2011-11-12,0527406658
509,Fatima Raza,12,B,Male,2014-10-06,0569689886
510,Noor Akhtar,6,B,Male,2012-02-23,0556474176
511,Shazia Zayed,10,B,Male,2014-07-02,0557116849
512,Maria Ahmed,3,A,Female,2012-11-17,0555153750
513,Zoya Akhtar,8,B,Female,2013-10-20,0551046704
514,Adeel Hussain,11,A,Female,2012-05-13,0563592854
515,Sara Fatima,10,B,Female,2012-05-01,0564082010
516,Zoya Khan,5,A,Male,2013-11-22,0529032875
517,Hasan Raza,9,A,Female,2014-09-11,0597411843
518,Maria Fatima,12,B,Female,2014-05-12,0512523319
519,Bilal Raza,5,A,Male,2014-03-14,0547466078
520,Kabir Zayed,5,A,Female,2014-10-01,0561473887
521,Bilal Noor,10,B,Male,2012-04-13,0533220753
522,Hamza Qureshi,7,A,Male,2012-10-27,0598381286
523,Laila Raza,4,B,Male,2015-02-27,0557651310
524,Fatima Ahmed,6,B,Female,2011-02-09,0530690069
525,Sara Ahmed,7,A,Female,2010-09-11,0518726178
526,Hira Zayed,1,A,Female,2011-11-09,0531200945
527,Adeel Farooq,12,B,Female,2012-01-18,0587102559
528,Sara Akhtar,4,B,Female,2010-09-15,0535220925
529,Imran Zayed,10,B,Female,2013-05-08,0535599758
530,Omar Fatima,6,B,Female,2014-01-31,0527455332
531,Omar Qureshi,5,A,Male,2010-04-10,0588769696
532,Maria Noor,10,B,Male,2012-03-23,0536619419
533,Hira Ahmed,4,B,Male,2012-08-26,0518839165
534,Kabir Qureshi,11,A,Male,2013-11-08,0589834878
535,Hira Fatima,12,B,Male,2011-06-10,0526033906
536,Imran Fatima,5,A,Male,2015-03-23,0546584002
537,Ali Farooq,7,A,Female,2012-08-23,0572211414
538,Bilal Ahmed,12,B,Male,2014-09-01,0558629814
539,Sara Fatima,8,B,Male,2011-11-25,0562894934
540,Hasan Khan,5,A,Female,2015-04-16,0577642196
541,Kabir Qureshi,6,B,Female,2011-09-25,0515896163
542,Hasan Raza,2,B,Female,2011-08-23,0544779688
543,Ali Qureshi,1,A,Female,2011-11-04,0581000071
544,Shazia Qureshi,8,B,Male,2015-02-04,0546562025
545,Hamza Akhtar,2,B,Male,2013-06-26,0599995509
546,Fatima Farooq,3,A,Male,2011-01-11,0557725043
547,Shazia Hussain,11,A,Female,2014-04-19,0510993622
548,Sara Qureshi,2,B,Male,2011-03-23,0533705131
549,Omar Akhtar,12,B,Male,2012-02-26,0530697780
550,Adeel Qureshi,5,A,Male,2010-06-13,0521813197
551,Kabir Raza,1,A,Female,2015-01-26,0544769919
552,Noor Farooq,7,A,Male,2014-08-02,0575125902
553,Laila Raza,5,A,Male,2010-05-20,0580935796
554,Imran Akhtar,4,B,Male,2011-04-14,0564733061
555,Noor Ahmed,9,A,Male,2014-09-24,0572619104
556,Laila Akhtar,1,A,Male,2011-07-15,0552066308
557,Maria Raza,11,A,Female,2012-03-24,0558574490
558,Noor Khan,11,A,Male,2014-07-17,0582015033
559,Zoya Qureshi,8,B,Female,2011-06-24,0537578162
560,Hasan Khan,3,A,Male,2010-06-12,0526170994
561,Imran Farooq,10,B,Female,2010-01-17,0511576160
562,Noor Hussain,11,A,Female,2010-05-26,0591406537
563,Imran Noor,7,A,Female,2015-02-28,0565236887
564,Hamza Farooq,10,B,Male,2010-06-22,0553409090
565,Fatima Fatima,12,B,Female,2014-10-11,0594621627
566,Adeel Farooq,10,B,Female,2014-09-11,0568511957
567,Adeel Farooq,2,B,Female,2012-10-07,0523062096
568,Bilal Qureshi,10,B,Female,2015-02-26,0572430446
569,Laila Zayed,9,A,Male,2011-11-28,0528422558
570,Omar Ahmed,10,B,Female,2013-03-22,0527501850
571,Fatima Qureshi,7,A,Female,2012-07-09,0594005337
572,Hasan Akhtar,7,A,Male,2012-03-28,0573062812
573,Kabir Zayed,3,A,Female,2011-05-12,0596525028
574,Sara Fatima,8,B,Female,2011-02-07,0598514424
575,Omar Qureshi,11,A,Female,2015-06-01,0595158983
576,Bilal Farooq,12,B,Male,2014-05-18,0564311178
577,Sara Akhtar,5,A,Female,2011-04-21,0592027940
578,Sara Qureshi,12,B,Male,2015-01-30,0550071260
579,Zoya Raza,8,B,Female,2015-02-02,0513084614
580,Bilal Noor,7,A,Male,2014-08-18,0559440160
581,Hamza Hussain,6,B,Female,2014-09-29,0537557211
582,Hira Hussain,3,A,Female,2011-04-12,0512011720
583,Zoya Farooq,6,B,Male,2010-01-05,0582536382
584,Omar Farooq,3,A,Female,2010-07-11,0521805121
585,Imran Qureshi,5,A,Female,2014-06-27,0563974032
586,Hira Farooq,5,A,Male,2013-09-22,0538322463
587,Kabir Raza,3,A,Male,2013-01-20,0535525179
588,Imran Noor,4,B,Male,2013-02-25,0523957628
589,Noor Ahmed,9,A,Male,2012-07-05,0518823538
590,Hamza Zayed,6,B,Male,2012-08-05,0589298112
591,Fatima Noor,4,B,Male,2012-04-27,0537415099
592,Hamza Hussain,5,A,Male,2013-04-12,0570468829
593,Hira Raza,2,B,Male,2011-07-06,0526628300
594,Hamza Hussain,2,B,Female,2010-04-11,0581671050
595,Hasan Zayed,5,A,Female,2010-12-28,0546722388
596,Zoya Hussain,9,A,Male,2013-11-03,0599987974
597,Ali Noor,6,B,Male,2011-05-04,0529662025
598,Shazia Akhtar,5,A,Female,2013-05-02,0586205663
599,Ali Ahmed,10,B,Female,2015-01-31,0532224378
600,Ali Hussain,9,A,Male,2010-04-21,0563726585
601,Kabir Ahmed,5,A,Female,2011-08-05,0515175006
602,Laila Ahmed,11,A,Male,2015-05-16,0526483680
603,Omar Farooq,11,A,Female,2010-04-26,0536264926
604,Sara Noor,8,B,Female,2011-01-03,0529441950
605,Zoya Noor,4,B,Male,2010-10-23,0561014898
606,Laila Akhtar,3,A,Female,2013-03-15,0523355115
607,Imran Akhtar,3,A,Female,2010-01-25,0516642464
608,Laila Zayed,11,A,Male,2011-11-22,0529576685
609,Hamza Raza,7,A,Male,2014-12-25,0588095273
610,Bilal Hussain,8,B,Male,2011-01-13,0552635656
611,Zoya Ahmed,11,A,Male,2013-10-23,0514871207
612,Shazia Hussain,1,A,Male,2013-11-01,0548330711
613,Noor Raza,8,B,Male,2011-12-08,0591202453
614,Noor Ahmed,10,B,Male,2010-09-07,0573617890
615,Hasan Farooq,10,B,Female,2011-11-18,0531191380
616,Shazia Noor,11,A,Male,2013-04-01,0546838353
617,Shazia Akhtar,2,B,Male,2010-08-26,0523642819
618,Laila Raza,9,A,Male,2012-09-06,0528659689
619,Imran Fatima,3,A,Male,2010-08-12,0559687574
620,Hamza Farooq,11,A,Female,2010-05-05,0555593654
621,Noor Zayed,5,A,Female,2015-06-21,0576631685
622,Bilal Akhtar,12,B,Male,2010-07-20,0562926304
623,Omar Fatima,6,B,Male,2011-12-17,0551030384
624,Fatima Qureshi,12,B,Female,2010-05-29,0555210972
625,Sara Qureshi,10,B,Male,2013-03-31,0510019387
626,Imran Fatima,5,A,Male,2011-06-09,0521390340
627,Omar Hussain,7,A,Female,2010-11-16,0549319179
628,Maria Fatima,10,B,Female,2011-02-05,0583114541
629,Hamza Ahmed,6,B,Female,2011-11-28,0577733721
630,Hasan Ahmed,2,B,Female,2014-09-10,0515303887
631,Bilal Zayed,6,B,Male,2012-04-12,0557675499
632,Imran Noor,2,B,Male,2013-06-19,0552857208
633,Kabir Khan,8,B,Female,2014-09-22,0539548375
634,Omar Akhtar,2,B,Female,2012-07-22,0563565791
635,Hamza Khan,3,A,Female,2011-09-24,0569554617
636,Hira Farooq,12,B,Male,2012-06-03,0539552195
637,Hira Khan,4,B,Male,2013-01-18,0564008300
638,Laila Ahmed,4,B,Male,2013-12-24,0566518374
639,Hamza Fatima,12,B,Male,2011-08-10,0565686601
640,Imran Zayed,10,B,Female,2012-09-19,0556554270
641,Hasan Noor,4,B,Male,2013-11-21,0554929038
642,Hira Noor,5,A,Male,2012-10-15,0591096713
643,Shazia Ahmed,4,B,Female,2010-07-25,0510680196
644,Hasan Akhtar,1,A,Female,2013-02-26,0531758278
645,Hira Farooq,8,B,Male,2015-04-07,0562821407
646,Omar Noor,3,A,Male,2014-02-17,0580316005
647,Noor Noor,1,A,Male,2014-10-22,0557268872
648,Zoya Fatima,5,A,Female,2014-02-18,0592453720
649,Sara Zayed,4,B,Male,2015-03-18,0594218182
650,Bilal Ahmed,1,A,Female,2010-12-09,0565489856
651,Ali Raza,12,B,Female,2012-10-15,0591763540
652,Ali Ahmed,4,B,Female,2012-12-26,0510907061
653,Omar Akhtar,12,B,Male,2010-12-01,0587264180
654,Ali Akhtar,12,B,Male,2011-11-17,0532351291
655,Omar Hussain,5,A,Female,2011-03-07,0550353961
656,Kabir Raza,2,B,Male,2015-03-19,0528489786
657,Sara Noor,11,A,Female,2013-04-03,0587548729
658,Adeel Zayed,11,A,Female,2015-04-23,0524462328
659,Zoya Qureshi,7,A,Female,2013-09-28,0571494642
660,Shazia Akhtar,7,A,Female,2011-08-29,0557819112
661,Omar Fatima,11,A,Male,2011-11-06,0579519763
662,Shazia Ahmed,1,A,Male,2012-05-13,0563288667
663,Omar Qureshi,2,B,Female,2010-08-24,0574961044
664,Hasan Zayed,4,B,Male,2014-09-23,0529849806
665,Hasan Qureshi,10,B,Female,2012-09-10,0513838751
666,Bilal Noor,4,B,Female,2010-07-28,0577545367
667,Maria Akhtar,1,A,Female,2010-04-30,0598560169
668,Ali Zayed,7,A,Female,2010-02-19,0595357165
669,Hira Noor,8,B,Female,2014-11-15,0544998203
670,Adeel Noor,1,A,Male,2010-06-07,0533207047
671,Shazia Raza,6,B,Male,2013-05-09,0595783875
672,Bilal Noor,2,B,Female,2010-09-01,0570772360
673,Maria Farooq,4,B,Female,2012-10-04,0577719139
674,Kabir Qureshi,10,B,Female,2011-11-24,0518873837
675,Hamza Zayed,2,B,Female,2014-09-23,0562902613
676,Sara Ahmed,6,B,Male,2010-06-15,0586087707
677,Hamza Noor,5,A,Female,2012-05-14,0516964401
678,Hamza Hussain,2,B,Female,2011-04-08,0591132061
679,Noor Khan,12,B,Female,2011-10-21,0548290014
680,Maria Noor,10,B,Female,2015-03-10,0592436626
681,Adeel Akhtar,11,A,Female,2011-08-23,0551106805
682,Omar Ahmed,1,A,Female,2013-11-07,0562030767
683,Noor Zayed,7,A,Female,2013-02-27,0534706102
684,Ali Ahmed,2,B,Male,2014-09-13,0532769268
685,Zoya Khan,1,A,Male,2012-12-09,0525682738
686,Shazia Hussain,7,A,Female,2012-03-06,0599663179
687,Fatima Farooq,7,A,Female,2013-03-03,0528482231
688,Laila Qureshi,12,B,Female,2010-10-13,0564537708
689,Hasan Ahmed,12,B,Female,2010-06-24,0510885714
690,Adeel Raza,3,A,Female,2015-01-02,0587556981
691,Noor Raza,5,A,Female,2015-02-01,0557759934
692,Adeel Fatima,11,A,Male,2015-06-24,0558087754
693,Hasan Qureshi,10,B,Male,2010-03-29,0581715286
694,Omar Raza,6,B,Female,2012-07-01,0528120703
695,Imran Akhtar,7,A,Male,2010-10-02,0585013486
696,Kabir Raza,6,B,Male,2011-08-26,0520663474
697,Omar Akhtar,11,A,Female,2010-11-28,0570800601
698,Ali Qureshi,9,A,Female,2011-01-01,0518732465
699,Fatima Zayed,3,A,Male,2013-03-26,0519547944
700,Sara Raza,7,A,Male,2011-08-18,0544750599
701,Hamza Hussain,1,A,Male,2012-12-07,0518595200
702,Ali Qureshi,5,A,Female,2010-04-09,0517964501
703,Omar Qureshi,10,B,Female,2012-09-23,0540761923
704,Noor Akhtar,7,A,Male,2014-08-06,0583534990
705,Noor Akhtar,7,A,Female,2012-07-05,0582480150
706,Sara Akhtar,8,B,Female,2012-06-08,0556590192
707,Adeel Zayed,6,B,Male,2014-07-05,0552524401
708,Bilal Khan,1,A,Female,2014-03-29,0545460816
709,Adeel Khan,9,A,Male,2012-03-04,0531406350
710,Ali Farooq,9,A,Female,2014-01-13,0565620924
711,Shazia Khan,4,B,Male,2014-02-06,0519910060
712,Hamza Zayed,6,B,Female,2010-10-11,0573298219
713,Fatima Ahmed,8,B,Male,2012-12-27,0524702354
714,Maria Farooq,9,A,Male,2012-09-11,0589462016
715,Bilal Noor,5,A,Male,2011-11-09,0564142984
716,Hira Ahmed,3,A,Female,2013-10-21,0552297091
717,Hira Akhtar,7,A,Male,2015-01-19,0520096729
718,Omar Farooq,6,B,Male,2013-12-02,0583951656
719,Omar Zayed,6,B,Male,2010-11-14,0527548621
720,Shazia Noor,10,B,Male,2011-07-25,0520547398
721,Hasan Farooq,1,A,Female,2015-02-28,0523881926
722,Hasan Farooq,8,B,Female,2014-01-18,0518118979
723,Ali Qureshi,1,A,Female,2010-09-23,0525495491
724,Adeel Hussain,8,B,Male,2014-07-13,0553168501
725,Hira Hussain,12,B,Male,2013-02-22,0582283085
726,Noor Hussain,5,A,Male,2015-02-14,0531087414
727,Adeel Ahmed,5,A,Female,2014-02-14,0532501058
728,Fatima Khan,5,A,Female,2011-03-14,0567769101
729,Bilal Qureshi,11,A,Female,2015-02-24,0545164342
730,Fatima Zayed,5,A,Female,2010-09-27,0569840207
731,Adeel Ahmed,9,A,Male,2014-08-08,0566311151
732,Sara Qureshi,12,B,Male,2011-07-18,0560847834
733,Kabir Noor,12,B,Female,2015-05-08,0597727509
734,Adeel Zayed,9,A,Male,2010-11-14,0592483082
735,Hasan Akhtar,12,B,Male,2012-10-24,0537579257
736,Omar Noor,10,B,Male,2010-05-07,0515724847
737,Maria Farooq,7,A,Male,2011-12-28,0548760827
738,Zoya Farooq,7,A,Male,2011-08-25,0530643566
739,Noor Akhtar,2,B,Female,2013-07-08,0569488839
740,Noor Fatima,4,B,Female,2011-02-15,0559219356
741,Shazia Akhtar,10,B,Female,2010-03-08,0539483194
742,Maria Noor,3,A,Male,2014-04-05,0534916917
743,Kabir Ahmed,11,A,Female,2014-11-19,0546382474
744,Adeel Hussain,2,B,Male,2011-08-30,0588628465
745,Adeel Khan,6,B,Female,2011-02-13,0517225263
746,Hasan Khan,9,A,Male,2011-09-04,0517380481
747,Adeel Hussain,12,B,Female,2011-04-24,0550879106
748,Hira Qureshi,11,A,Male,2011-08-17,0591992744
749,Imran Raza,3,A,Male,2011-01-24,0576499751
750,Hamza Ahmed,2,B,Male,2013-11-15,0520906052
751,Sara Qureshi,11,A,Female,2014-01-06,0554804195
752,Bilal Akhtar,4,B,Male,2015-06-05,0548922757
753,Maria Farooq,4,B,Male,2011-12-31,0515403146
754,Ali Khan,6,B,Female,2011-11-27,0566805883
755,Laila Qureshi,3,A,Female,2011-08-16,0556141627
756,Maria Khan,3,A,Female,2013-11-21,0542100884
757,Fatima Ahmed,9,A,Male,2011-11-19,0533769747
758,Kabir Noor,6,B,Female,2014-01-15,0574262749
759,Hasan Zayed,9,A,Male,2015-03-11,0540732550
760,Hamza Hussain,3,A,Male,2014-11-19,0512874858
761,Bilal Akhtar,8,B,Female,2012-01-11,0542993036
762,Noor Fatima,4,B,Male,2010-12-30,0526415976
763,Adeel Farooq,6,B,Male,2011-01-14,0550403979
764,Fatima Ahmed,6,B,Female,2013-02-27,0563922069
765,Zoya Zayed,1,A,Male,2010-05-30,0512298841
766,Bilal Raza,7,A,Female,2011-07-07,0578832098
767,Zoya Noor,10,B,Female,2010-04-19,0564436321
768,Hira Qureshi,7,A,Female,2010-04-05,0521642356
769,Noor Ahmed,5,A,Female,2015-05-15,0582559491
770,Shazia Hussain,3,A,Female,2015-02-24,0580490189
771,Shazia Khan,2,B,Female,2010-11-20,0552564242
772,Hasan Hussain,2,B,Female,2011-08-20,0536942660
773,Hamza Zayed,8,B,Male,2012-06-03,0526975505
774,Imran Fatima,7,A,Female,2010-02-21,0537421995
775,Omar Khan,3,A,Male,2013-07-24,0597438834
776,Noor Khan,8,B,Male,2010-03-25,0590419333
777,Fatima Raza,7,A,Male,2015-03-29,0596678635
778,Ali Farooq,6,B,Male,2014-09-22,0510032756
779,Bilal Hussain,7,A,Female,2011-04-07,0586083910
780,Noor Akhtar,2,B,Female,2015-05-12,0522228155
781,Adeel Fatima,9,A,Female,2013-09-27,0528353467
782,Adeel Noor,6,B,Male,2012-10-29,0573986421
783,Shazia Ahmed,7,A,Male,2014-07-11,0560935037
784,Fatima Noor,7,A,Female,2013-09-24,0572262948
785,Bilal Fatima,4,B,Male,2011-06-18,0561288045
786,Omar Noor,5,A,Female,2011-11-03,0522939344
787,Shazia Farooq,7,A,Male,2015-06-08,0589006543
788,Hira Khan,8,B,Male,2010-09-18,0556434431
789,Shazia Hussain,9,A,Female,2012-02-09,0525036770
790,Omar Qureshi,6,B,Female,2014-05-23,0580896511
791,Imran Ahmed,3,A,Female,2012-01-09,0545036840
792,Zoya Fatima,8,B,Female,2014-02-04,0514011994
793,Shazia Qureshi,6,B,Female,2011-11-04,0564169766
794,Bilal Akhtar,11,A,Female,2014-04-20,0526280759
795,Sara Fatima,9,A,Male,2010-01-02,0585272340
796,Hasan Khan,11,A,Female,2011-07-26,0558530023
797,Hasan Raza,10,B,Female,2011-12-26,0544351788
798,Shazia Ahmed,12,B,Female,2010-11-07,0525230622
799,Imran Farooq,8,B,Male,2015-03-08,0547858016
800,Laila Ahmed,8,B,Male,2010-10-18,0530253258
801,Ali Farooq,3,A,Female,2015-03-20,0534777962
802,Hira Qureshi,7,A,Female,2015-03-12,0549508289
803,Fatima Akhtar,2,B,Female,2010-03-24,0518566711
804,Bilal Noor,9,A,Male,2010-04-16,0572646778
805,Zoya Hussain,12,B,Male,2015-03-06,0533960668
806,Shazia Zayed,10,B,Male,2013-02-05,0522158051
807,Omar Zayed,2,B,Male,2012-02-03,0546532241
808,Hasan Hussain,5,A,Female,2010-06-09,0539200151
809,Zoya Farooq,3,A,Male,2015-01-13,0561732921
810,Noor Zayed,10,B,Male,2014-06-22,0546507744
811,Zoya Farooq,3,A,Male,2010-12-27,0584050690
812,Shazia Akhtar,5,A,Male,2012-03-10,0553880873
813,Maria Farooq,3,A,Female,2011-08-27,0514781753
814,Maria Hussain,3,A,Male,2011-12-25,0557802145
815,Hamza Farooq,12,B,Female,2010-10-29,0527342989
816,Adeel Ahmed,4,B,Female,2011-01-05,0561554378
817,Kabir Farooq,2,B,Female,2010-05-31,0584183866
818,Adeel Noor,10,B,Male,2012-03-16,0529153833
819,Adeel Ahmed,6,B,Male,2014-02-21,0588581491
820,Hira Noor,10,B,Male,2011-06-11,0513889621
821,Laila Qureshi,12,B,Female,2015-04-16,0513031865
822,Hamza Ahmed,11,A,Male,2011-07-08,0562224963
823,Hira Akhtar,10,B,Female,2013-10-24,0537331953
824,Sara Khan,6,B,Male,2013-12-10,0540583604
825,Hamza Raza,10,B,Female,2014-04-06,0546744743
826,Zoya Qureshi,1,A,Male,2012-12-14,0586554192
827,Adeel Qureshi,3,A,Female,2012-07-24,0590244332
828,Maria Raza,11,A,Female,2010-01-04,0525696641
829,Bilal Qureshi,10,B,Male,2010-12-30,0521838122
830,Shazia Fatima,5,A,Female,2014-09-21,0588677072
831,Maria Zayed,8,B,Female,2015-06-11,0561360757
832,Laila Hussain,2,B,Female,2012-11-30,0510351175
833,Maria Qureshi,7,A,Female,2013-05-21,0535745431
834,Hamza Ahmed,4,B,Male,2011-01-19,0572850034
835,Sara Akhtar,6,B,Male,2012-06-28,0578218836
836,Maria Farooq,7,A,Male,2012-02-01,0574966938
837,Kabir Qureshi,3,A,Male,2013-05-04,0514148347
838,Hasan Akhtar,11,A,Female,2014-11-10,0592194790
839,Kabir Hussain,2,B,Female,2010-02-22,0552018894
840,Sara Raza,9,A,Male,2011-06-24,0554047340
841,Shazia Akhtar,11,A,Male,2010-03-15,0549657747
842,Imran Zayed,6,B,Female,2014-04-16,0521711585
843,Sara Hussain,4,B,Male,2014-11-22,0579277995
844,Omar Fatima,10,B,Male,2012-10-29,0539292854
845,Imran Noor,2,B,Female,2010-10-03,0570464168
846,Zoya Raza,5,A,Male,2014-09-28,0556769265
847,Omar Khan,4,B,Male,2010-04-16,0551095397
848,Zoya Farooq,1,A,Male,2012-07-17,0511086781
849,Sara Raza,6,B,Male,2012-08-01,0590756421
850,Kabir Noor,3,A,Male,2012-08-31,0561562556
851,Kabir Qureshi,12,B,Male,2010-02-07,0586935198
852,Zoya Farooq,4,B,Male,2012-04-05,0546491425
853,Shazia Farooq,4,B,Male,2012-03-28,0589007568
854,Omar Fatima,7,A,Female,2013-01-16,0573055674
855,Laila Raza,2,B,Male,2014-07-30,0558904190
856,Kabir Raza,6,B,Male,2015-05-21,0538037704
857,Laila Raza,2,B,Female,2013-11-14,0596475372
858,Adeel Raza,5,A,Female,2011-05-27,0522325558
859,Shazia Farooq,7,A,Female,2012-04-13,0557157081
860,Omar Qureshi,11,A,Female,2010-10-29,0515270947
861,Imran Noor,12,B,Female,2010-08-09,0594461548
862,Hira Farooq,2,B,Male,2012-11-17,0553707123
863,Hira Zayed,10,B,Female,2014-05-02,0578889294
864,Hamza Raza,12,B,Male,2010-10-01,0580244161
865,Laila Ahmed,12,B,Male,2013-08-31,0511696915
866,Kabir Noor,9,A,Male,2011-11-27,0584750539
867,Zoya Hussain,2,B,Male,2010-03-11,0581236359
868,Hasan Hussain,4,B,Male,2010-07-07,0521341844
869,Imran Khan,8,B,Female,2012-05-13,0557287617
870,Zoya Akhtar,2,B,Male,2010-06-01,0525668131
871,Hira Hussain,1,A,Female,2013-06-22,0567315814
872,Adeel Fatima,7,A,Male,2012-04-06,0595117070
873,Kabir Raza,6,B,Male,2012-11-01,0555004674
874,Hasan Fatima,5,A,Female,2012-10-20,0542669032
875,Laila Khan,9,A,Male,2014-10-27,0569736159
876,Hamza Farooq,3,A,Female,2012-08-07,0539734227
877,Laila Noor,12,B,Male,2011-09-20,0581801730
878,Hasan Noor,11,A,Female,2015-01-27,0542774974
879,Hamza Akhtar,12,B,Male,2014-09-27,0565789097
880,Hasan Fatima,2,B,Male,2014-12-02,0525755168
881,Imran Akhtar,7,A,Male,2015-03-10,0515094494
882,Fatima Akhtar,2,B,Female,2014-04-13,0594435140
883,Noor Qureshi,2,B,Female,2013-06-15,0512021981
884,Hamza Ahmed,8,B,Female,2014-03-01,0517746276
885,Imran Noor,3,A,Male,2015-04-22,0578459275
886,Hira Ahmed,12,B,Female,2013-04-03,0569856248
887,Sara Qureshi,12,B,Female,2012-02-13,0517660919
888,Hasan Raza,11,A,Male,2010-09-07,0564635444
889,Bilal Akhtar,4,B,Male,2013-01-04,0510722575
890,Bilal Zayed,1,A,Female,2012-08-13,0594874367
891,Hamza Akhtar,9,A,Female,2010-07-15,0569887481
892,Hasan Farooq,3,A,Male,2013-01-11,0555052408
893,Maria Akhtar,10,B,Male,2014-07-30,0595459545
894,Shazia Akhtar,8,B,Female,2011-02-03,0536446135
895,Shazia Akhtar,12,B,Male,2013-07-05,0549483856
896,Hamza Qureshi,9,A,Female,2015-05-27,0568301314
897,Hasan Hussain,3,A,Female,2015-03-13,0516539658
898,Sara Akhtar,10,B,Female,2014-10-12,0580132392
899,Noor Qureshi,5,A,Male,2013-12-31,0561399265
900,Omar Noor,9,A,Male,2012-07-15,0563150668
901,Noor Zayed,7,A,Male,2015-01-08,0564690457
902,Omar Ahmed,8,B,Female,2013-03-01,0591473075
903,Hasan Qureshi,10,B,Male,2011-04-15,0542604909
904,Shazia Akhtar,12,B,Male,2014-11-04,0525904184
905,Noor Akhtar,11,A,Male,2010-09-17,0533696469
906,Maria Noor,6,B,Female,2014-03-30,0563273398
907,Ali Hussain,9,A,Female,2010-12-06,0549931830
908,Hamza Fatima,8,B,Male,2012-03-25,0557566130
909,Kabir Farooq,9,A,Female,2011-03-26,0538450625
910,Bilal Farooq,8,B,Male,2013-06-14,0582899768
911,Kabir Farooq,12,B,Female,2011-11-18,0519955848
912,Hamza Akhtar,3,A,Female,2014-08-29,0588973739
913,Sara Hussain,8,B,Male,2010-04-12,0558345737
914,Noor Khan,5,A,Male,2011-05-06,0599808712
915,Imran Hussain,11,A,Male,2010-03-06,0544560848
916,Hamza Ahmed,2,B,Female,2015-03-29,0560918232
917,Shazia Akhtar,3,A,Male,2015-01-31,0599138879
918,Adeel Ahmed,5,A,Male,2010-01-08,0557130829
919,Omar Zayed,6,B,Male,2011-05-10,0534940148
920,Noor Khan,11,A,Male,2014-04-22,0577705044
921,Imran Raza,3,A,Female,2010-07-09,0534672811
922,Imran Khan,7,A,Female,2012-05-14,0587745535
923,Imran Zayed,2,B,Female,2013-08-02,0599965971
924,Hasan Ahmed,6,B,Female,2012-02-02,0586520543
925,Kabir Noor,5,A,Female,2015-05-28,0562619912
926,Bilal Hussain,8,B,Female,2012-10-30,0549662674
927,Shazia Farooq,1,A,Female,2015-03-24,0587667269
928,Sara Zayed,4,B,Male,2014-03-11,0593121010
929,Hira Hussain,6,B,Female,2013-12-02,0518259889
930,Hasan Fatima,12,B,Female,2012-03-17,0557768859
931,Fatima Ahmed,8,B,Female,2012-05-10,0546510370
932,Hamza Zayed,8,B,Female,2010-12-11,0584679859
933,Hamza Akhtar,6,B,Male,2012-03-24,0590266908
934,Noor Zayed,7,A,Male,2015-06-02,0550372923
935,Hira Noor,3,A,Female,2011-03-31,0511805432
936,Omar Hussain,9,A,Female,2010-02-07,0555856689
937,Omar Akhtar,4,B,Male,2013-11-02,0513002773
938,Noor Khan,4,B,Male,2010-04-21,0555595593
939,Imran Hussain,11,A,Female,2014-05-11,0535488508
940,Shazia Hussain,12,B,Male,2014-02-22,0558433169
941,Hira Akhtar,4,B,Female,2014-12-28,0546183970
942,Zoya Noor,12,B,Female,2013-02-07,0566592103
943,Hasan Ahmed,8,B,Female,2010-07-22,0528177404
944,Bilal Zayed,12,B,Male,2012-10-17,0528248865
945,Shazia Ahmed,3,A,Male,2010-07-23,0528365370
946,Zoya Ahmed,8,B,Female,2014-12-27,0571232051
947,Imran Noor,7,A,Female,2010-10-30,0588920444
948,Noor Farooq,9,A,Female,2012-09-28,0578006618
949,Ali Hussain,10,B,Male,2010-05-24,0596071355
950,Shazia Ahmed,12,B,Male,2014-05-06,0577663163
951,Hasan Noor,6,B,Male,2011-06-07,0564848818
952,Hira Qureshi,6,B,Female,2010-11-06,0528293073
953,Hira Qureshi,3,A,Male,2014-03-02,0538623961
954,Zoya Raza,9,A,Male,2012-10-09,0531924883
955,Hira Fatima,7,A,Female,2013-08-15,0569219757
956,Kabir Khan,7,A,Male,2012-08-30,0581014594
957,Hamza Hussain,7,A,Female,2012-08-06,0533242442
958,Fatima Noor,9,A,Male,2012-09-04,0593470039
959,Sara Qureshi,10,B,Male,2010-05-05,0560507665
960,Zoya Qureshi,11,A,Male,2013-09-22,0571453900
961,Hamza Akhtar,9,A,Male,2010-02-10,0521144239
962,Zoya Hussain,8,B,Male,2011-06-11,0512072974
963,Fatima Farooq,8,B,Female,2012-06-22,0556744479
964,Laila Hussain,5,A,Male,2014-02-05,0543745683
965,Omar Fatima,4,B,Female,2010-03-23,0574762610
966,Shazia Noor,3,A,Female,2014-07-16,0529640608
967,Shazia Qureshi,9,A,Male,2013-11-24,0518252914
968,Shazia Noor,6,B,Male,2013-10-08,0531224325
969,Kabir Akhtar,3,A,Female,2010-10-18,0580521791
970,Hira Zayed,5,A,Male,2014-09-28,0565914435
971,Hamza Fatima,4,B,Female,2014-10-21,0571711004
972,Omar Farooq,2,B,Female,2012-11-14,0574176734
973,Kabir Zayed,6,B,Male,2012-10-09,0563726018
974,Hira Ahmed,3,A,Male,2011-05-14,0569044675
975,Omar Khan,7,A,Female,2010-06-09,0576793662
976,Shazia Akhtar,5,A,Female,2010-06-04,0543694512
977,Noor Zayed,10,B,Female,2011-09-28,0544809007
978,Bilal Raza,12,B,Female,2010-04-04,0568972465
979,Hamza Ahmed,7,A,Male,2011-12-12,0586072270
980,Laila Raza,7,A,Male,2014-07-16,0550979673
981,Omar Akhtar,4,B,Female,2013-09-23,0597358175
982,Maria Qureshi,8,B,Male,2012-10-15,0529004383
983,Hamza Noor,8,B,Male,2012-12-06,0566375477
984,Shazia Noor,1,A,Female,2015-04-17,0577654633
985,Sara Ahmed,3,A,Female,2014-10-05,0514730484
986,Imran Akhtar,11,A,Male,2011-10-19,0591047407
987,Hamza Qureshi,10,B,Female,2014-08-01,0561808857
988,Omar Qureshi,3,A,Female,2010-04-20,0515593874
989,Maria Fatima,8,B,Female,2011-07-25,0517658832
990,Zoya Khan,2,B,Male,2013-05-18,0581036110
991,Sara Akhtar,1,A,Female,2012-11-05,0566879656
992,Imran Khan,12,B,Female,2010-10-22,0585219324
993,Ali Ahmed,8,B,Female,2011-03-20,0588438941
994,Adeel Raza,8,B,Male,2013-01-20,0564247789
995,Zoya Noor,5,A,Female,2013-05-18,0554117271
996,Hira Ahmed,6,B,Male,2010-12-06,0555743800
997,Ali Khan,8,B,Female,2012-06-17,0522389394
998,Zoya Raza,7,A,Male,2013-03-12,0518417840
999,Imran Qureshi,7,A,Male,2015-06-06,0558692235
1000,Ali Noor,8,B,Female,2014-01-06,0543773973
1001,Shazia Noor,3,A,Male,2012-04-01,0551992667
1002,Laila Fatima,5,A,Male,2013-03-14,0567844000
1003,Laila Ahmed,7,A,Male,2014-03-03,0579017384
1004,Laila Farooq,7,A,Male,2013-03-17,0560829954
1005,Imran Noor,8,B,Male,2013-08-31,0511203337
1006,Maria Noor,10,B,Male,2014-05-27,0533325973
1007,Bilal Hussain,2,B,Female,2011-06-24,0521270901
1008,Noor Raza,9,A,Male,2011-05-03,0581511391
1009,Bilal Fatima,11,A,Female,2014-11-15,0575966742
1010,Ali Zayed,3,A,Female,2010-11-07,0594975059
1011,Fatima Akhtar,10,B,Male,2014-12-17,0535756968
1012,Hasan Zayed,4,B,Male,2013-06-17,0568093337
1013,Sara Khan,6,B,Female,2012-12-11,0545598290
1014,Hasan Khan,7,A,Female,2011-11-14,0583491504
1015,Noor Noor,1,A,Male,2013-12-21,0558569160
1016,Zoya Fatima,7,A,Male,2013-04-30,0582071320
1017,Kabir Farooq,12,B,Female,2014-09-26,0561092569
1018,Hasan Zayed,2,B,Female,2011-09-20,0532736529
1019,Ali Zayed,2,B,Male,2013-01-08,0566515295
1020,Kabir Farooq,10,B,Male,2010-09-29,0532686496
1021,Imran Farooq,5,A,Female,2012-11-29,0552232938
1022,Shazia Raza,3,A,Female,2013-03-23,0558697457
1023,Laila Raza,9,A,Male,2015-03-29,0596188315
1024,Imran Akhtar,10,B,Female,2010-01-16,0544028846
1025,Adeel Qureshi,4,B,Female,2013-08-02,0566603170
1026,Laila Raza,11,A,Female,2012-05-29,0545547905
1027,Shazia Ahmed,4,B,Female,2012-11-30,0522793090
1028,Noor Fatima,9,A,Male,2010-08-15,0555877903
1029,Imran Akhtar,1,A,Female,2014-03-20,0559859990
1030,Noor Noor,11,A,Male,2010-08-24,0583337238
1031,Shazia Zayed,5,A,Male,2011-06-13,0522473215
1032,Kabir Noor,10,B,Female,2010-04-12,0594107689
1033,Imran Farooq,5,A,Male,2010-04-30,0571033419
1034,Omar Akhtar,3,A,Female,2014-10-03,0530838018
1035,Shazia Farooq,12,B,Male,2014-05-16,0533383757
1036,Sara Farooq,8,B,Male,2012-01-21,0517188067
1037,Maria Hussain,9,A,Female,2012-08-01,0552135498
1038,Hamza Ahmed,11,A,Male,2013-12-16,0530336399
1039,Hamza Raza,6,B,Female,2012-05-05,0515944108
1040,Kabir Ahmed,5,A,Male,2012-11-10,0536828172
1041,Sara Akhtar,7,A,Male,2013-09-25,0593467106
1042,Omar Fatima,3,A,Male,2011-04-24,0515952888
1043,Hasan Zayed,11,A,Female,2011-09-22,0547789282
1044,Kabir Raza,3,A,Female,2014-02-08,0531857087
1045,Fatima Farooq,2,B,Male,2012-10-22,0596519723
1046,Omar Fatima,9,A,Male,2013-12-31,0581061453
1047,Adeel Raza,10,B,Male,2014-04-29,0552602609
1048,Hasan Farooq,10,B,Male,2013-05-13,0592425121
1049,Noor Noor,8,B,Male,2011-04-14,0552236393
1050,Hamza Khan,6,B,Male,2014-05-07,0522428791
1051,Adeel Ahmed,7,A,Male,2014-06-16,0563116722
1052,Omar Raza,1,A,Female,2012-03-14,0547408153
1053,Noor Zayed,12,B,Male,2011-12-04,0526864111
1054,Fatima Ahmed,7,A,Female,2010-09-07,0593971821
1055,Hasan Farooq,3,A,Female,2010-12-25,0591372543
1056,Noor Ahmed,4,B,Male,2015-04-23,0560687107
1057,Adeel Hussain,9,A,Female,2014-05-10,0597342425
1058,Hira Raza,4,B,Male,2010-04-19,0585816875
1059,Ali Ahmed,12,B,Male,2012-06-15,0576642101
1060,Adeel Zayed,11,A,Female,2010-03-05,0535791418
1061,Adeel Fatima,10,B,Female,2012-07-27,0584064559
1062,Ali Hussain,9,A,Female,2014-05-26,0581486900
1063,Hira Noor,2,B,Female,2012-05-26,0583201370
1064,Ali Khan,8,B,Male,2013-07-31,0557315005
1065,Imran Fatima,10,B,Female,2014-09-24,0598500033
1066,Shazia Farooq,4,B,Male,2011-01-02,0556616656
1067,Sara Qureshi,8,B,Female,2010-09-17,0567881736
1068,Laila Akhtar,7,A,Male,2011-11-12,0597050583
1069,Ali Ahmed,4,B,Male,2010-08-20,0545408706
1070,Omar Noor,8,B,Female,2013-01-03,0579257364
1071,Omar Farooq,10,B,Male,2014-04-15,0597270565
1072,Hamza Fatima,1,A,Male,2012-06-12,0570025159
1073,Imran Hussain,11,A,Male,2013-08-27,0597474938
1074,Noor Qureshi,7,A,Female,2012-01-07,0520975155
1075,Omar Qureshi,10,B,Female,2014-03-02,0582364368
1076,Hamza Farooq,11,A,Male,2013-01-06,0510607570
1077,Hira Zayed,7,A,Male,2012-10-30,0560696494
1078,Fatima Fatima,3,A,Male,2010-11-11,0524421095
1079,Hira Fatima,12,B,Female,2010-07-10,0523621593
1080,Noor Qureshi,4,B,Male,2014-12-20,0523742097
1081,Shazia Hussain,1,A,Male,2013-01-19,0557324226
1082,Hasan Khan,6,B,Female,2014-06-13,0546981935
1083,Ali Raza,10,B,Male,2013-08-18,0595073392
1084,Hira Hussain,12,B,Male,2014-06-23,0527111786
1085,Noor Noor,2,B,Male,2011-10-02,0543658947
1086,Ali Khan,10,B,Male,2010-04-21,0591118538
1087,Fatima Hussain,12,B,Female,2013-10-28,0511743674
1088,Adeel Hussain,7,A,Male,2011-04-16,0545446618
1089,Hira Zayed,7,A,Male,2015-06-12,0550969322
1090,Hira Akhtar,5,A,Male,2014-09-26,0534811289
1091,Imran Noor,4,B,Female,2012-02-05,0570527716
1092,Bilal Akhtar,12,B,Male,2011-06-26,0554447906
1093,Hasan Khan,7,A,Female,2013-05-26,0567549133
1094,Hasan Ahmed,2,B,Female,2014-09-23,0587716744
1095,Kabir Raza,3,A,Male,2011-06-28,0587223481
1096,Maria Noor,12,B,Female,2011-07-11,0583411185
1097,Hamza Akhtar,2,B,Male,2014-01-12,0566164110
1098,Hamza Farooq,7,A,Male,2014-08-30,0597750750
1099,Adeel Noor,8,B,Female,2013-07-12,0598601429
1100,Imran Raza,5,A,Male,2011-09-03,0514492981
1101,Maria Fatima,12,B,Female,2013-04-23,0547658616
1102,Omar Noor,11,A,Male,2011-12-13,0553844091
1103,Imran Ahmed,9,A,Male,2010-07-13,0568953337
1104,Shazia Hussain,9,A,Male,2014-11-22,0522055633
1105,Adeel Zayed,11,A,Female,2011-01-05,0595791794
1106,Fatima Noor,8,B,Male,2013-02-24,0546804180
1107,Imran Khan,4,B,Male,2011-03-26,0545273415
1108,Fatima Qureshi,7,A,Female,2015-05-30,0544216173
1109,Omar Khan,2,B,Male,2014-07-22,0593413846
1110,Kabir Hussain,10,B,Female,2015-05-09,0534531474
1111,Noor Qureshi,5,A,Male,2012-04-21,0525159419
1112,Hamza Noor,12,B,Male,2012-03-12,0577004490
1113,Adeel Noor,7,A,Male,2014-02-19,0522699509
1114,Kabir Khan,12,B,Female,2014-05-19,0560955022
1115,Hira Noor,9,A,Male,2010-10-05,0555549439
1116,Ali Qureshi,1,A,Female,2015-05-12,0536023651
1117,Ali Ahmed,8,B,Male,2014-12-30,0518298931
1118,Adeel Ahmed,6,B,Male,2013-03-31,0580446946
1119,Kabir Akhtar,1,A,Female,2014-04-12,0544046795
1120,Laila Ahmed,3,A,Female,2013-04-23,0554459498
1121,Zoya Ahmed,4,B,Female,2010-04-26,0520512859
1122,Fatima Khan,1,A,Male,2010-10-16,0555902731
1123,Adeel Noor,9,A,Female,2011-05-07,0533373695
1124,Imran Noor,7,A,Male,2012-10-06,0573921042
1125,Imran Noor,7,A,Male,2015-01-30,0550463857
1126,Noor Noor,5,A,Female,2010-01-04,0567699848
1127,Zoya Qureshi,7,A,Female,2014-04-10,0582373971
1128,Fatima Raza,5,A,Male,2012-06-10,0524287235
1129,Imran Fatima,7,A,Female,2014-11-17,0517661492
1130,Laila Hussain,2,B,Male,2010-09-03,0518341667
1131,Shazia Qureshi,8,B,Female,2015-02-27,0557865847
1132,Hamza Noor,7,A,Male,2010-09-10,0573324164
1133,Shazia Fatima,9,A,Male,2013-12-16,0569583892
1134,Zoya Akhtar,12,B,Male,2013-04-01,0544877164
1135,Adeel Fatima,7,A,Male,2013-08-15,0576985503
1136,Hamza Khan,3,A,Male,2012-11-24,0588376527
1137,Hamza Noor,11,A,Female,2010-05-28,0520438162
1138,Noor Fatima,7,A,Male,2014-04-09,0565384288
1139,Imran Zayed,3,A,Male,2014-01-13,0585398975
1140,Kabir Fatima,10,B,Female,2010-04-04,0576161481
1141,Maria Qureshi,3,A,Female,2011-04-14,0529267306
1142,Imran Noor,6,B,Male,2012-12-13,0596320454
1143,Sara Noor,8,B,Male,2014-07-27,0517808369
1144,Omar Akhtar,5,A,Male,2012-02-24,0583712904
1145,Sara Fatima,6,B,Female,2010-05-08,0531254309
1146,Kabir Qureshi,7,A,Female,2013-11-17,0599855402
1147,Bilal Ahmed,7,A,Female,2010-01-20,0521900702
1148,Laila Ahmed,4,B,Male,2013-12-15,0524781765
1149,Omar Hussain,7,A,Male,2013-02-01,0512892535
1150,Hamza Fatima,7,A,Female,2010-03-08,0579063856
1151,Omar Akhtar,9,A,Male,2010-06-09,0578014951
1152,Maria Akhtar,3,A,Female,2011-02-20,0574507119
1153,Bilal Noor,7,A,Female,2015-03-10,0590245514
1154,Shazia Farooq,1,A,Female,2011-03-11,0510830208
1155,Hasan Akhtar,2,B,Male,2013-10-03,0565513975
1156,Zoya Farooq,6,B,Male,2010-05-11,0560794915
1157,Maria Hussain,4,B,Female,2010-10-30,0574464633
1158,Laila Khan,10,B,Female,2014-10-26,0573208365
1159,Imran Zayed,1,A,Female,2014-01-27,0511477946
1160,Imran Qureshi,3,A,Male,2010-06-25,0586777644
1161,Omar Raza,3,A,Male,2014-12-21,0563685259
1162,Laila Hussain,12,B,Female,2013-11-18,0591884871
1163,Kabir Ahmed,11,A,Male,2011-09-02,0571765812
1164,Imran Raza,4,B,Male,2011-09-30,0564876001
1165,Shazia Raza,12,B,Male,2012-05-20,0559173298
1166,Hira Akhtar,8,B,Male,2012-04-01,0529618935
1167,Maria Fatima,10,B,Female,2014-07-17,0550389175
1168,Zoya Raza,2,B,Female,2010-12-30,0531551743
1169,Ali Noor,3,A,Male,2010-02-22,0581275628
1170,Hamza Khan,5,A,Male,2014-04-19,0544087570
1171,Hira Qureshi,8,B,Male,2013-10-29,0552754050
1172,Hasan Noor,4,B,Female,2015-01-12,0553747386
1173,Adeel Ahmed,9,A,Male,2010-08-05,0540293563
1174,Imran Zayed,2,B,Male,2015-02-26,0594700140
1175,Hasan Fatima,2,B,Male,2012-02-02,0592359906
1176,Laila Fatima,4,B,Male,2012-12-14,0570416187
1177,Adeel Hussain,4,B,Female,2015-01-14,0551904525
1178,Bilal Noor,10,B,Male,2012-06-25,0558124120
1179,Laila Hussain,5,A,Female,2014-09-05,0510368529
1180,Zoya Hussain,2,B,Female,2014-09-28,0552462155
1181,Fatima Ahmed,6,B,Male,2010-04-12,0586743387
1182,Ali Qureshi,6,B,Male,2013-11-22,0587655837
1183,Bilal Akhtar,1,A,Male,2011-04-02,0526141324
1184,Zoya Zayed,9,A,Male,2010-01-19,0521105115
1185,Ali Zayed,3,A,Female,2014-10-20,0576116503
1186,Hasan Khan,10,B,Male,2013-11-27,0544317195
1187,Adeel Khan,8,B,Male,2010-07-16,0534971106
1188,Ali Akhtar,4,B,Female,2010-10-08,0567833183
1189,Hasan Raza,11,A,Female,2012-04-27,0523691112
1190,Omar Qureshi,9,A,Male,2013-09-22,0590008160
1191,Omar Fatima,6,B,Male,2013-12-26,0559945951
1192,Hasan Farooq,3,A,Male,2010-01-20,0536653170
1193,Bilal Raza,10,B,Female,2011-01-22,0570574223
1194,Zoya Zayed,5,A,Female,2014-06-21,0538227862
1195,Shazia Farooq,6,B,Female,2011-07-12,0522122157
1196,Sara Ahmed,11,A,Male,2013-05-24,0512008817
1197,Noor Zayed,12,B,Female,2013-06-30,0595358041
1198,Hamza Ahmed,1,A,Male,2012-03-25,0566584363
1199,Hamza Raza,9,A,Male,2014-03-22,0594984291
1200,Sara Farooq,9,A,Female,2014-06-08,0523634124
