attendance_id,teacher_id,date,status
1,1,2024-01-01,Present
2,1,2024-01-02,Present
3,1,2024-01-03,Present
4,1,2024-01-04,Present
5,1,2024-01-05,Present
6,1,2024-01-06,Present
7,1,2024-01-07,Present
8,1,2024-01-08,Absent
9,1,2024-01-09,Present
10,1,2024-01-10,Present
11,1,2024-01-11,Present
12,1,2024-01-12,Present
13,1,2024-01-13,Present
14,1,2024-01-14,Present
15,1,2024-01-15,Present
16,1,2024-01-16,Present
17,1,2024-01-17,Present
18,1,2024-01-18,Present
19,1,2024-01-19,Present
20,1,2024-01-20,Present
21,1,2024-01-21,Present
22,1,2024-01-22,Present
23,1,2024-01-23,Present
24,1,2024-01-24,Present
25,1,2024-01-25,Present
26,1,2024-01-26,Present
27,1,2024-01-27,Present
28,1,2024-01-28,Present
29,1,2024-01-29,Present
30,1,2024-01-30,Present
31,1,2024-01-31,Present
32,2,2024-01-01,Present
33,2,2024-01-02,Present
34,2,2024-01-03,Present
35,2,2024-01-04,Present
36,2,2024-01-05,Present
37,2,2024-01-06,Absent
38,2,2024-01-07,Present
39,2,2024-01-08,Present
40,2,2024-01-09,Present
41,2,2024-01-10,Present
42,2,2024-01-11,Present
43,2,2024-01-12,Present
44,2,2024-01-13,Late
45,2,2024-01-14,Present
46,2,2024-01-15,Present
47,2,2024-01-16,Present
48,2,2024-01-17,Present
49,2,2024-01-18,Present
50,2,2024-01-19,Present
51,2,2024-01-20,Present
52,2,2024-01-21,Present
53,2,2024-01-22,Present
54,2,2024-01-23,Present
55,2,2024-01-24,Absent
56,2,2024-01-25,Present
57,2,2024-01-26,Present
58,2,2024-01-27,Present
59,2,2024-01-28,Present
60,2,2024-01-29,Present
61,2,2024-01-30,Present
62,2,2024-01-31,Present
63,3,2024-01-01,Present
64,3,2024-01-02,Present
65,3,2024-01-03,Present
66,3,2024-01-04,Present
67,3,2024-01-05,Present
68,3,2024-01-06,Present
69,3,2024-01-07,Present
70,3,2024-01-08,Absent
71,3,2024-01-09,Present
72,3,2024-01-10,Late
73,3,2024-01-11,Present
74,3,2024-01-12,Present
75,3,2024-01-13,Present
76,3,2024-01-14,Present
77,3,2024-01-15,Present
78,3,2024-01-16,Present
79,3,2024-01-17,Present
80,3,2024-01-18,Present
81,3,2024-01-19,Present
82,3,2024-01-20,Present
83,3,2024-01-21,Present
84,3,2024-01-22,Present
85,3,2024-01-23,Present
86,3,2024-01-24,Present
87,3,2024-01-25,Late
88,3,2024-01-26,Present
89,3,2024-01-27,Present
90,3,2024-01-28,Absent
91,3,2024-01-29,Present
92,3,2024-01-30,Present
93,3,2024-01-31,Present
94,4,2024-01-01,Present
95,4,2024-01-02,Present
96,4,2024-01-03,Present
97,4,2024-01-04,Present
98,4,2024-01-05,Present
99,4,2024-01-06,Present
100,4,2024-01-07,Present
101,4,2024-01-08,Absent
102,4,2024-01-09,Late
103,4,2024-01-10,Late
104,4,2024-01-11,Present
105,4,2024-01-12,Present
106,4,2024-01-13,Present
107,4,2024-01-14,Absent
108,4,2024-01-15,Present
109,4,2024-01-16,Present
110,4,2024-01-17,Present
111,4,2024-01-18,Present
112,4,2024-01-19,Present
113,4,2024-01-20,Present
114,4,2024-01-21,Present
115,4,2024-01-22,Present
116,4,2024-01-23,Present
117,4,2024-01-24,Present
118,4,2024-01-25,Present
119,4,2024-01-26,Present
120,4,2024-01-27,Present
121,4,2024-01-28,Absent
122,4,2024-01-29,Present
123,4,2024-01-30,Present
124,4,2024-01-31,Present
125,5,2024-01-01,Present
126,5,2024-01-02,Present
127,5,2024-01-03,Present
128,5,2024-01-04,Present
129,5,2024-01-05,Absent
130,5,2024-01-06,Present
131,5,2024-01-07,Present
132,5,2024-01-08,Present
133,5,2024-01-09,Absent
134,5,2024-01-10,Present
135,5,2024-01-11,Present
136,5,2024-01-12,Present
137,5,2024-01-13,Present
138,5,2024-01-14,Absent
139,5,2024-01-15,Present
140,5,2024-01-16,Present
141,5,2024-01-17,Present
142,5,2024-01-18,Present
143,5,2024-01-19,Present
144,5,2024-01-20,Present
145,5,2024-01-21,Present
146,5,2024-01-22,Present
147,5,2024-01-23,Present
148,5,2024-01-24,Present
149,5,2024-01-25,Present
150,5,2024-01-26,Present
151,5,2024-01-27,Present
152,5,2024-01-28,Present
153,5,2024-01-29,Present
154,5,2024-01-30,Present
155,5,2024-01-31,Present
156,6,2024-01-01,Present
157,6,2024-01-02,Present
158,6,2024-01-03,Present
159,6,2024-01-04,Present
160,6,2024-01-05,Late
161,6,2024-01-06,Present
162,6,2024-01-07,Present
163,6,2024-01-08,Present
164,6,2024-01-09,Absent
165,6,2024-01-10,Present
166,6,2024-01-11,Present
167,6,2024-01-12,Present
168,6,2024-01-13,Present
169,6,2024-01-14,Present
170,6,2024-01-15,Present
171,6,2024-01-16,Present
172,6,2024-01-17,Late
173,6,2024-01-18,Present
174,6,2024-01-19,Present
175,6,2024-01-20,Absent
176,6,2024-01-21,Present
177,6,2024-01-22,Present
178,6,2024-01-23,Present
179,6,2024-01-24,Present
180,6,2024-01-25,Present
181,6,2024-01-26,Present
182,6,2024-01-27,Present
183,6,2024-01-28,Present
184,6,2024-01-29,Present
185,6,2024-01-30,Present
186,6,2024-01-31,Present
187,7,2024-01-01,Present
188,7,2024-01-02,Present
189,7,2024-01-03,Present
190,7,2024-01-04,Present
191,7,2024-01-05,Absent
192,7,2024-01-06,Absent
193,7,2024-01-07,Present
194,7,2024-01-08,Present
195,7,2024-01-09,Present
196,7,2024-01-10,Late
197,7,2024-01-11,Present
198,7,2024-01-12,Late
199,7,2024-01-13,Present
200,7,2024-01-14,Present
201,7,2024-01-15,Present
202,7,2024-01-16,Late
203,7,2024-01-17,Present
204,7,2024-01-18,Present
205,7,2024-01-19,Absent
206,7,2024-01-20,Present
207,7,2024-01-21,Present
208,7,2024-01-22,Late
209,7,2024-01-23,Present
210,7,2024-01-24,Present
211,7,2024-01-25,Present
212,7,2024-01-26,Present
213,7,2024-01-27,Present
214,7,2024-01-28,Present
215,7,2024-01-29,Present
216,7,2024-01-30,Present
217,7,2024-01-31,Present
218,8,2024-01-01,Present
219,8,2024-01-02,Present
220,8,2024-01-03,Absent
221,8,2024-01-04,Present
222,8,2024-01-05,Present
223,8,2024-01-06,Present
224,8,2024-01-07,Present
225,8,2024-01-08,Absent
226,8,2024-01-09,Present
227,8,2024-01-10,Present
228,8,2024-01-11,Present
229,8,2024-01-12,Present
230,8,2024-01-13,Present
231,8,2024-01-14,Present
232,8,2024-01-15,Present
233,8,2024-01-16,Present
234,8,2024-01-17,Late
235,8,2024-01-18,Present
236,8,2024-01-19,Present
237,8,2024-01-20,Present
238,8,2024-01-21,Present
239,8,2024-01-22,Present
240,8,2024-01-23,Present
241,8,2024-01-24,Present
242,8,2024-01-25,Present
243,8,2024-01-26,Present
244,8,2024-01-27,Present
245,8,2024-01-28,Present
246,8,2024-01-29,Present
247,8,2024-01-30,Present
248,8,2024-01-31,Absent
249,9,2024-01-01,Present
250,9,2024-01-02,Present
251,9,2024-01-03,Present
252,9,2024-01-04,Present
253,9,2024-01-05,Present
254,9,2024-01-06,Present
255,9,2024-01-07,Present
256,9,2024-01-08,Absent
257,9,2024-01-09,Present
258,9,2024-01-10,Present
259,9,2024-01-11,Late
260,9,2024-01-12,Absent
261,9,2024-01-13,Absent
262,9,2024-01-14,Present
263,9,2024-01-15,Present
264,9,2024-01-16,Late
265,9,2024-01-17,Present
266,9,2024-01-18,Present
267,9,2024-01-19,Present
268,9,2024-01-20,Present
269,9,2024-01-21,Present
270,9,2024-01-22,Present
271,9,2024-01-23,Present
272,9,2024-01-24,Present
273,9,2024-01-25,Present
274,9,2024-01-26,Present
275,9,2024-01-27,Present
276,9,2024-01-28,Absent
277,9,2024-01-29,Present
278,9,2024-01-30,Present
279,9,2024-01-31,Present
280,10,2024-01-01,Present
281,10,2024-01-02,Present
282,10,2024-01-03,Present
283,10,2024-01-04,Present
284,10,2024-01-05,Present
285,10,2024-01-06,Present
286,10,2024-01-07,Present
287,10,2024-01-08,Absent
288,10,2024-01-09,Present
289,10,2024-01-10,Absent
290,10,2024-01-11,Present
291,10,2024-01-12,Absent
292,10,2024-01-13,Present
293,10,2024-01-14,Present
294,10,2024-01-15,Present
295,10,2024-01-16,Present
296,10,2024-01-17,Present
297,10,2024-01-18,Present
298,10,2024-01-19,Present
299,10,2024-01-20,Present
300,10,2024-01-21,Present
301,10,2024-01-22,Present
302,10,2024-01-23,Present
303,10,2024-01-24,Present
304,10,2024-01-25,Present
305,10,2024-01-26,Late
306,10,2024-01-27,Absent
307,10,2024-01-28,Present
308,10,2024-01-29,Present
309,10,2024-01-30,Present
310,10,2024-01-31,Absent
311,11,2024-01-01,Present
312,11,2024-01-02,Present
313,11,2024-01-03,Absent
314,11,2024-01-04,Present
315,11,2024-01-05,Late
316,11,2024-01-06,Present
317,11,2024-01-07,Present
318,11,2024-01-08,Present
319,11,2024-01-09,Late
320,11,2024-01-10,Present
321,11,2024-01-11,Present
322,11,2024-01-12,Present
323,11,2024-01-13,Present
324,11,2024-01-14,Present
325,11,2024-01-15,Present
326,11,2024-01-16,Present
327,11,2024-01-17,Present
328,11,2024-01-18,Present
329,11,2024-01-19,Present
330,11,2024-01-20,Present
331,11,2024-01-21,Present
332,11,2024-01-22,Present
333,11,2024-01-23,Present
334,11,2024-01-24,Present
335,11,2024-01-25,Absent
336,11,2024-01-26,Present
337,11,2024-01-27,Present
338,11,2024-01-28,Present
339,11,2024-01-29,Absent
340,11,2024-01-30,Absent
341,11,2024-01-31,Absent
342,12,2024-01-01,Present
343,12,2024-01-02,Present
344,12,2024-01-03,Present
345,12,2024-01-04,Present
346,12,2024-01-05,Present
347,12,2024-01-06,Present
348,12,2024-01-07,Present
349,12,2024-01-08,Present
350,12,2024-01-09,Present
351,12,2024-01-10,Present
352,12,2024-01-11,Present
353,12,2024-01-12,Present
354,12,2024-01-13,Present
355,12,2024-01-14,Present
356,12,2024-01-15,Present
357,12,2024-01-16,Absent
358,12,2024-01-17,Present
359,12,2024-01-18,Present
360,12,2024-01-19,Present
361,12,2024-01-20,Present
362,12,2024-01-21,Present
363,12,2024-01-22,Present
364,12,2024-01-23,Present
365,12,2024-01-24,Present
366,12,2024-01-25,Present
367,12,2024-01-26,Present
368,12,2024-01-27,Present
369,12,2024-01-28,Present
370,12,2024-01-29,Present
371,12,2024-01-30,Present
372,12,2024-01-31,Absent
373,13,2024-01-01,Present
374,13,2024-01-02,Late
375,13,2024-01-03,Present
376,13,2024-01-04,Absent
377,13,2024-01-05,Present
378,13,2024-01-06,Present
379,13,2024-01-07,Present
380,13,2024-01-08,Present
381,13,2024-01-09,Absent
382,13,2024-01-10,Present
383,13,2024-01-11,Present
384,13,2024-01-12,Present
385,13,2024-01-13,Present
386,13,2024-01-14,Present
387,13,2024-01-15,Present
388,13,2024-01-16,Present
389,13,2024-01-17,Present
390,13,2024-01-18,Present
391,13,2024-01-19,Present
392,13,2024-01-20,Absent
393,13,2024-01-21,Present
394,13,2024-01-22,Present
395,13,2024-01-23,Present
396,13,2024-01-24,Late
397,13,2024-01-25,Present
398,13,2024-01-26,Present
399,13,2024-01-27,Present
400,13,2024-01-28,Absent
401,13,2024-01-29,Present
402,13,2024-01-30,Present
403,13,2024-01-31,Present
404,14,2024-01-01,Absent
405,14,2024-01-02,Present
406,14,2024-01-03,Late
407,14,2024-01-04,Present
408,14,2024-01-05,Present
409,14,2024-01-06,Present
410,14,2024-01-07,Absent
411,14,2024-01-08,Present
412,14,2024-01-09,Present
413,14,2024-01-10,Present
414,14,2024-01-11,Present
415,14,2024-01-12,Present
416,14,2024-01-13,Present
417,14,2024-01-14,Present
418,14,2024-01-15,Present
419,14,2024-01-16,Present
420,14,2024-01-17,Present
421,14,2024-01-18,Present
422,14,2024-01-19,Present
423,14,2024-01-20,Present
424,14,2024-01-21,Present
425,14,2024-01-22,Present
426,14,2024-01-23,Present
427,14,2024-01-24,Present
428,14,2024-01-25,Present
429,14,2024-01-26,Present
430,14,2024-01-27,Present
431,14,2024-01-28,Present
432,14,2024-01-29,Present
433,14,2024-01-30,Present
434,14,2024-01-31,Present
435,15,2024-01-01,Present
436,15,2024-01-02,Absent
437,15,2024-01-03,Present
438,15,2024-01-04,Present
439,15,2024-01-05,Present
440,15,2024-01-06,Present
441,15,2024-01-07,Present
442,15,2024-01-08,Present
443,15,2024-01-09,Absent
444,15,2024-01-10,Present
445,15,2024-01-11,Absent
446,15,2024-01-12,Present
447,15,2024-01-13,Present
448,15,2024-01-14,Present
449,15,2024-01-15,Present
450,15,2024-01-16,Present
451,15,2024-01-17,Present
452,15,2024-01-18,Absent
453,15,2024-01-19,Late
454,15,2024-01-20,Present
455,15,2024-01-21,Present
456,15,2024-01-22,Present
457,15,2024-01-23,Present
458,15,2024-01-24,Present
459,15,2024-01-25,Present
460,15,2024-01-26,Late
461,15,2024-01-27,Present
462,15,2024-01-28,Present
463,15,2024-01-29,Late
464,15,2024-01-30,Present
465,15,2024-01-31,Present
466,16,2024-01-01,Present
467,16,2024-01-02,Late
468,16,2024-01-03,Present
469,16,2024-01-04,Present
470,16,2024-01-05,Present
471,16,2024-01-06,Absent
472,16,2024-01-07,Present
473,16,2024-01-08,Absent
474,16,2024-01-09,Present
475,16,2024-01-10,Present
476,16,2024-01-11,Present
477,16,2024-01-12,Present
478,16,2024-01-13,Present
479,16,2024-01-14,Present
480,16,2024-01-15,Present
481,16,2024-01-16,Absent
482,16,2024-01-17,Present
483,16,2024-01-18,Absent
484,16,2024-01-19,Present
485,16,2024-01-20,Present
486,16,2024-01-21,Present
487,16,2024-01-22,Present
488,16,2024-01-23,Present
489,16,2024-01-24,Present
490,16,2024-01-25,Present
491,16,2024-01-26,Present
492,16,2024-01-27,Present
493,16,2024-01-28,Present
494,16,2024-01-29,Present
495,16,2024-01-30,Present
496,16,2024-01-31,Present
497,17,2024-01-01,Late
498,17,2024-01-02,Present
499,17,2024-01-03,Absent
500,17,2024-01-04,Present
501,17,2024-01-05,Present
502,17,2024-01-06,Present
503,17,2024-01-07,Late
504,17,2024-01-08,Late
505,17,2024-01-09,Present
506,17,2024-01-10,Present
507,17,2024-01-11,Present
508,17,2024-01-12,Present
509,17,2024-01-13,Present
510,17,2024-01-14,Present
511,17,2024-01-15,Absent
512,17,2024-01-16,Late
513,17,2024-01-17,Present
514,17,2024-01-18,Present
515,17,2024-01-19,Present
516,17,2024-01-20,Present
517,17,2024-01-21,Present
518,17,2024-01-22,Present
519,17,2024-01-23,Present
520,17,2024-01-24,Present
521,17,2024-01-25,Present
522,17,2024-01-26,Present
523,17,2024-01-27,Present
524,17,2024-01-28,Present
525,17,2024-01-29,Present
526,17,2024-01-30,Present
527,17,2024-01-31,Present
528,18,2024-01-01,Absent
529,18,2024-01-02,Present
530,18,2024-01-03,Present
531,18,2024-01-04,Present
532,18,2024-01-05,Present
533,18,2024-01-06,Present
534,18,2024-01-07,Present
535,18,2024-01-08,Present
536,18,2024-01-09,Present
537,18,2024-01-10,Present
538,18,2024-01-11,Present
539,18,2024-01-12,Present
540,18,2024-01-13,Present
541,18,2024-01-14,Absent
542,18,2024-01-15,Present
543,18,2024-01-16,Present
544,18,2024-01-17,Present
545,18,2024-01-18,Present
546,18,2024-01-19,Present
547,18,2024-01-20,Present
548,18,2024-01-21,Present
549,18,2024-01-22,Present
550,18,2024-01-23,Late
551,18,2024-01-24,Present
552,18,2024-01-25,Late
553,18,2024-01-26,Absent
554,18,2024-01-27,Present
555,18,2024-01-28,Present
556,18,2024-01-29,Present
557,18,2024-01-30,Present
558,18,2024-01-31,Present
559,19,2024-01-01,Present
560,19,2024-01-02,Present
561,19,2024-01-03,Absent
562,19,2024-01-04,Present
563,19,2024-01-05,Present
564,19,2024-01-06,Present
565,19,2024-01-07,Present
566,19,2024-01-08,Present
567,19,2024-01-09,Present
568,19,2024-01-10,Present
569,19,2024-01-11,Present
570,19,2024-01-12,Present
571,19,2024-01-13,Present
572,19,2024-01-14,Present
573,19,2024-01-15,Present
574,19,2024-01-16,Present
575,19,2024-01-17,Absent
576,19,2024-01-18,Present
577,19,2024-01-19,Present
578,19,2024-01-20,Present
579,19,2024-01-21,Present
580,19,2024-01-22,Present
581,19,2024-01-23,Present
582,19,2024-01-24,Present
583,19,2024-01-25,Absent
584,19,2024-01-26,Present
585,19,2024-01-27,Present
586,19,2024-01-28,Present
587,19,2024-01-29,Present
588,19,2024-01-30,Present
589,19,2024-01-31,Present
590,20,2024-01-01,Present
591,20,2024-01-02,Present
592,20,2024-01-03,Present
593,20,2024-01-04,Present
594,20,2024-01-05,Late
595,20,2024-01-06,Present
596,20,2024-01-07,Absent
597,20,2024-01-08,Present
598,20,2024-01-09,Present
599,20,2024-01-10,Present
600,20,2024-01-11,Present
601,20,2024-01-12,Absent
602,20,2024-01-13,Absent
603,20,2024-01-14,Present
604,20,2024-01-15,Present
605,20,2024-01-16,Present
606,20,2024-01-17,Present
607,20,2024-01-18,Present
608,20,2024-01-19,Present
609,20,2024-01-20,Present
610,20,2024-01-21,Present
611,20,2024-01-22,Present
612,20,2024-01-23,Present
613,20,2024-01-24,Present
614,20,2024-01-25,Present
615,20,2024-01-26,Absent
616,20,2024-01-27,Present
617,20,2024-01-28,Present
618,20,2024-01-29,Present
619,20,2024-01-30,Present
620,20,2024-01-31,Present
621,21,2024-01-01,Present
622,21,2024-01-02,Present
623,21,2024-01-03,Present
624,21,2024-01-04,Present
625,21,2024-01-05,Present
626,21,2024-01-06,Present
627,21,2024-01-07,Present
628,21,2024-01-08,Present
629,21,2024-01-09,Present
630,21,2024-01-10,Present
631,21,2024-01-11,Present
632,21,2024-01-12,Late
633,21,2024-01-13,Present
634,21,2024-01-14,Present
635,21,2024-01-15,Absent
636,21,2024-01-16,Present
637,21,2024-01-17,Present
638,21,2024-01-18,Present
639,21,2024-01-19,Present
640,21,2024-01-20,Present
641,21,2024-01-21,Present
642,21,2024-01-22,Present
643,21,2024-01-23,Present
644,21,2024-01-24,Present
645,21,2024-01-25,Present
646,21,2024-01-26,Present
647,21,2024-01-27,Present
648,21,2024-01-28,Present
649,21,2024-01-29,Present
650,21,2024-01-30,Late
651,21,2024-01-31,Present
652,22,2024-01-01,Present
653,22,2024-01-02,Present
654,22,2024-01-03,Present
655,22,2024-01-04,Present
656,22,2024-01-05,Present
657,22,2024-01-06,Present
658,22,2024-01-07,Late
659,22,2024-01-08,Present
660,22,2024-01-09,Present
661,22,2024-01-10,Present
662,22,2024-01-11,Present
663,22,2024-01-12,Present
664,22,2024-01-13,Present
665,22,2024-01-14,Present
666,22,2024-01-15,Present
667,22,2024-01-16,Late
668,22,2024-01-17,Present
669,22,2024-01-18,Absent
670,22,2024-01-19,Present
671,22,2024-01-20,Absent
672,22,2024-01-21,Present
673,22,2024-01-22,Present
674,22,2024-01-23,Present
675,22,2024-01-24,Present
676,22,2024-01-25,Present
677,22,2024-01-26,Present
678,22,2024-01-27,Present
679,22,2024-01-28,Present
680,22,2024-01-29,Present
681,22,2024-01-30,Present
682,22,2024-01-31,Present
683,23,2024-01-01,Present
684,23,2024-01-02,Present
685,23,2024-01-03,Present
686,23,2024-01-04,Present
687,23,2024-01-05,Present
688,23,2024-01-06,Present
689,23,2024-01-07,Present
690,23,2024-01-08,Present
691,23,2024-01-09,Absent
692,23,2024-01-10,Present
693,23,2024-01-11,Present
694,23,2024-01-12,Present
695,23,2024-01-13,Present
696,23,2024-01-14,Present
697,23,2024-01-15,Present
698,23,2024-01-16,Present
699,23,2024-01-17,Absent
700,23,2024-01-18,Present
701,23,2024-01-19,Present
702,23,2024-01-20,Present
703,23,2024-01-21,Present
704,23,2024-01-22,Present
705,23,2024-01-23,Absent
706,23,2024-01-24,Present
707,23,2024-01-25,Present
708,23,2024-01-26,Present
709,23,2024-01-27,Absent
710,23,2024-01-28,Present
711,23,2024-01-29,Present
712,23,2024-01-30,Present
713,23,2024-01-31,Present
714,24,2024-01-01,Present
715,24,2024-01-02,Present
716,24,2024-01-03,Present
717,24,2024-01-04,Present
718,24,2024-01-05,Present
719,24,2024-01-06,Present
720,24,2024-01-07,Present
721,24,2024-01-08,Absent
722,24,2024-01-09,Present
723,24,2024-01-10,Present
724,24,2024-01-11,Present
725,24,2024-01-12,Present
726,24,2024-01-13,Present
727,24,2024-01-14,Present
728,24,2024-01-15,Present
729,24,2024-01-16,Present
730,24,2024-01-17,Present
731,24,2024-01-18,Absent
732,24,2024-01-19,Present
733,24,2024-01-20,Present
734,24,2024-01-21,Present
735,24,2024-01-22,Present
736,24,2024-01-23,Present
737,24,2024-01-24,Absent
738,24,2024-01-25,Present
739,24,2024-01-26,Absent
740,24,2024-01-27,Present
741,24,2024-01-28,Present
742,24,2024-01-29,Absent
743,24,2024-01-30,Present
744,24,2024-01-31,Present
745,25,2024-01-01,Present
746,25,2024-01-02,Present
747,25,2024-01-03,Present
748,25,2024-01-04,Present
749,25,2024-01-05,Present
750,25,2024-01-06,Present
751,25,2024-01-07,Present
752,25,2024-01-08,Present
753,25,2024-01-09,Present
754,25,2024-01-10,Present
755,25,2024-01-11,Late
756,25,2024-01-12,Present
757,25,2024-01-13,Present
758,25,2024-01-14,Absent
759,25,2024-01-15,Present
760,25,2024-01-16,Absent
761,25,2024-01-17,Present
762,25,2024-01-18,Present
763,25,2024-01-19,Present
764,25,2024-01-20,Present
765,25,2024-01-21,Present
766,25,2024-01-22,Present
767,25,2024-01-23,Absent
768,25,2024-01-24,Present
769,25,2024-01-25,Present
770,25,2024-01-26,Present
771,25,2024-01-27,Absent
772,25,2024-01-28,Present
773,25,2024-01-29,Present
774,25,2024-01-30,Present
775,25,2024-01-31,Present
776,26,2024-01-01,Late
777,26,2024-01-02,Present
778,26,2024-01-03,Present
779,26,2024-01-04,Present
780,26,2024-01-05,Present
781,26,2024-01-06,Present
782,26,2024-01-07,Present
783,26,2024-01-08,Present
784,26,2024-01-09,Present
785,26,2024-01-10,Present
786,26,2024-01-11,Present
787,26,2024-01-12,Present
788,26,2024-01-13,Present
789,26,2024-01-14,Present
790,26,2024-01-15,Present
791,26,2024-01-16,Present
792,26,2024-01-17,Present
793,26,2024-01-18,Present
794,26,2024-01-19,Present
795,26,2024-01-20,Present
796,26,2024-01-21,Present
797,26,2024-01-22,Present
798,26,2024-01-23,Present
799,26,2024-01-24,Present
800,26,2024-01-25,Present
801,26,2024-01-26,Present
802,26,2024-01-27,Present
803,26,2024-01-28,Present
804,26,2024-01-29,Absent
805,26,2024-01-30,Present
806,26,2024-01-31,Present
807,27,2024-01-01,Present
808,27,2024-01-02,Present
809,27,2024-01-03,Absent
810,27,2024-01-04,Present
811,27,2024-01-05,Absent
812,27,2024-01-06,Present
813,27,2024-01-07,Present
814,27,2024-01-08,Present
815,27,2024-01-09,Present
816,27,2024-01-10,Present
817,27,2024-01-11,Absent
818,27,2024-01-12,Present
819,27,2024-01-13,Present
820,27,2024-01-14,Late
821,27,2024-01-15,Absent
822,27,2024-01-16,Present
823,27,2024-01-17,Present
824,27,2024-01-18,Present
825,27,2024-01-19,Present
826,27,2024-01-20,Present
827,27,2024-01-21,Present
828,27,2024-01-22,Present
829,27,2024-01-23,Present
830,27,2024-01-24,Present
831,27,2024-01-25,Late
832,27,2024-01-26,Present
833,27,2024-01-27,Present
834,27,2024-01-28,Present
835,27,2024-01-29,Present
836,27,2024-01-30,Absent
837,27,2024-01-31,Late
838,28,2024-01-01,Absent
839,28,2024-01-02,Present
840,28,2024-01-03,Present
841,28,2024-01-04,Present
842,28,2024-01-05,Present
843,28,2024-01-06,Present
844,28,2024-01-07,Present
845,28,2024-01-08,Present
846,28,2024-01-09,Present
847,28,2024-01-10,Present
848,28,2024-01-11,Present
849,28,2024-01-12,Present
850,28,2024-01-13,Present
851,28,2024-01-14,Present
852,28,2024-01-15,Present
853,28,2024-01-16,Late
854,28,2024-01-17,Present
855,28,2024-01-18,Present
856,28,2024-01-19,Present
857,28,2024-01-20,Absent
858,28,2024-01-21,Absent
859,28,2024-01-22,Present
860,28,2024-01-23,Present
861,28,2024-01-24,Present
862,28,2024-01-25,Present
863,28,2024-01-26,Present
864,28,2024-01-27,Present
865,28,2024-01-28,Present
866,28,2024-01-29,Present
867,28,2024-01-30,Present
868,28,2024-01-31,Present
869,29,2024-01-01,Present
870,29,2024-01-02,Absent
871,29,2024-01-03,Present
872,29,2024-01-04,Late
873,29,2024-01-05,Present
874,29,2024-01-06,Present
875,29,2024-01-07,Absent
876,29,2024-01-08,Present
877,29,2024-01-09,Present
878,29,2024-01-10,Present
879,29,2024-01-11,Present
880,29,2024-01-12,Absent
881,29,2024-01-13,Late
882,29,2024-01-14,Present
883,29,2024-01-15,Present
884,29,2024-01-16,Present
885,29,2024-01-17,Present
886,29,2024-01-18,Present
887,29,2024-01-19,Present
888,29,2024-01-20,Present
889,29,2024-01-21,Present
890,29,2024-01-22,Present
891,29,2024-01-23,Absent
892,29,2024-01-24,Present
893,29,2024-01-25,Present
894,29,2024-01-26,Present
895,29,2024-01-27,Present
896,29,2024-01-28,Present
897,29,2024-01-29,Present
898,29,2024-01-30,Present
899,29,2024-01-31,Present
900,30,2024-01-01,Present
901,30,2024-01-02,Present
902,30,2024-01-03,Present
903,30,2024-01-04,Late
904,30,2024-01-05,Present
905,30,2024-01-06,Present
906,30,2024-01-07,Present
907,30,2024-01-08,Present
908,30,2024-01-09,Present
909,30,2024-01-10,Absent
910,30,2024-01-11,Present
911,30,2024-01-12,Present
912,30,2024-01-13,Present
913,30,2024-01-14,Present
914,30,2024-01-15,Present
915,30,2024-01-16,Present
916,30,2024-01-17,Present
917,30,2024-01-18,Present
918,30,2024-01-19,Absent
919,30,2024-01-20,Present
920,30,2024-01-21,Present
921,30,2024-01-22,Present
922,30,2024-01-23,Present
923,30,2024-01-24,Late
924,30,2024-01-25,Present
925,30,2024-01-26,Present
926,30,2024-01-27,Present
927,30,2024-01-28,Present
928,30,2024-01-29,Present
929,30,2024-01-30,Present
930,30,2024-01-31,Present
931,31,2024-01-01,Absent
932,31,2024-01-02,Present
933,31,2024-01-03,Present
934,31,2024-01-04,Present
935,31,2024-01-05,Absent
936,31,2024-01-06,Present
937,31,2024-01-07,Present
938,31,2024-01-08,Present
939,31,2024-01-09,Present
940,31,2024-01-10,Present
941,31,2024-01-11,Present
942,31,2024-01-12,Present
943,31,2024-01-13,Present
944,31,2024-01-14,Present
945,31,2024-01-15,Absent
946,31,2024-01-16,Present
947,31,2024-01-17,Present
948,31,2024-01-18,Present
949,31,2024-01-19,Present
950,31,2024-01-20,Present
951,31,2024-01-21,Present
952,31,2024-01-22,Absent
953,31,2024-01-23,Present
954,31,2024-01-24,Present
955,31,2024-01-25,Late
956,31,2024-01-26,Absent
957,31,2024-01-27,Late
958,31,2024-01-28,Late
959,31,2024-01-29,Present
960,31,2024-01-30,Present
961,31,2024-01-31,Absent
962,32,2024-01-01,Present
963,32,2024-01-02,Absent
964,32,2024-01-03,Present
965,32,2024-01-04,Present
966,32,2024-01-05,Present
967,32,2024-01-06,Present
968,32,2024-01-07,Present
969,32,2024-01-08,Present
970,32,2024-01-09,Present
971,32,2024-01-10,Present
972,32,2024-01-11,Absent
973,32,2024-01-12,Present
974,32,2024-01-13,Present
975,32,2024-01-14,Present
976,32,2024-01-15,Absent
977,32,2024-01-16,Present
978,32,2024-01-17,Present
979,32,2024-01-18,Present
980,32,2024-01-19,Present
981,32,2024-01-20,Present
982,32,2024-01-21,Present
983,32,2024-01-22,Present
984,32,2024-01-23,Present
985,32,2024-01-24,Present
986,32,2024-01-25,Present
987,32,2024-01-26,Present
988,32,2024-01-27,Present
989,32,2024-01-28,Present
990,32,2024-01-29,Present
991,32,2024-01-30,Present
992,32,2024-01-31,Present
993,33,2024-01-01,Present
994,33,2024-01-02,Present
995,33,2024-01-03,Present
996,33,2024-01-04,Present
997,33,2024-01-05,Present
998,33,2024-01-06,Present
999,33,2024-01-07,Present
1000,33,2024-01-08,Present
1001,33,2024-01-09,Present
1002,33,2024-01-10,Absent
1003,33,2024-01-11,Late
1004,33,2024-01-12,Present
1005,33,2024-01-13,Present
1006,33,2024-01-14,Present
1007,33,2024-01-15,Present
1008,33,2024-01-16,Present
1009,33,2024-01-17,Present
1010,33,2024-01-18,Present
1011,33,2024-01-19,Absent
1012,33,2024-01-20,Present
1013,33,2024-01-21,Absent
1014,33,2024-01-22,Present
1015,33,2024-01-23,Present
1016,33,2024-01-24,Present
1017,33,2024-01-25,Present
1018,33,2024-01-26,Present
1019,33,2024-01-27,Present
1020,33,2024-01-28,Present
1021,33,2024-01-29,Late
1022,33,2024-01-30,Absent
1023,33,2024-01-31,Present
1024,34,2024-01-01,Present
1025,34,2024-01-02,Present
1026,34,2024-01-03,Absent
1027,34,2024-01-04,Present
1028,34,2024-01-05,Present
1029,34,2024-01-06,Present
1030,34,2024-01-07,Present
1031,34,2024-01-08,Present
1032,34,2024-01-09,Absent
1033,34,2024-01-10,Present
1034,34,2024-01-11,Present
1035,34,2024-01-12,Present
1036,34,2024-01-13,Present
1037,34,2024-01-14,Present
1038,34,2024-01-15,Present
1039,34,2024-01-16,Present
1040,34,2024-01-17,Present
1041,34,2024-01-18,Present
1042,34,2024-01-19,Present
1043,34,2024-01-20,Present
1044,34,2024-01-21,Late
1045,34,2024-01-22,Present
1046,34,2024-01-23,Present
1047,34,2024-01-24,Present
1048,34,2024-01-25,Present
1049,34,2024-01-26,Late
1050,34,2024-01-27,Present
1051,34,2024-01-28,Present
1052,34,2024-01-29,Present
1053,34,2024-01-30,Present
1054,34,2024-01-31,Present
1055,35,2024-01-01,Present
1056,35,2024-01-02,Absent
1057,35,2024-01-03,Present
1058,35,2024-01-04,Present
1059,35,2024-01-05,Present
1060,35,2024-01-06,Present
1061,35,2024-01-07,Present
1062,35,2024-01-08,Present
1063,35,2024-01-09,Present
1064,35,2024-01-10,Present
1065,35,2024-01-11,Present
1066,35,2024-01-12,Present
1067,35,2024-01-13,Present
1068,35,2024-01-14,Present
1069,35,2024-01-15,Absent
1070,35,2024-01-16,Present
1071,35,2024-01-17,Present
1072,35,2024-01-18,Present
1073,35,2024-01-19,Present
1074,35,2024-01-20,Present
1075,35,2024-01-21,Late
1076,35,2024-01-22,Absent
1077,35,2024-01-23,Present
1078,35,2024-01-24,Present
1079,35,2024-01-25,Present
1080,35,2024-01-26,Present
1081,35,2024-01-27,Present
1082,35,2024-01-28,Present
1083,35,2024-01-29,Present
1084,35,2024-01-30,Absent
1085,35,2024-01-31,Present
1086,36,2024-01-01,Absent
1087,36,2024-01-02,Present
1088,36,2024-01-03,Present
1089,36,2024-01-04,Present
1090,36,2024-01-05,Present
1091,36,2024-01-06,Present
1092,36,2024-01-07,Present
1093,36,2024-01-08,Present
1094,36,2024-01-09,Late
1095,36,2024-01-10,Present
1096,36,2024-01-11,Present
1097,36,2024-01-12,Present
1098,36,2024-01-13,Present
1099,36,2024-01-14,Present
1100,36,2024-01-15,Present
1101,36,2024-01-16,Late
1102,36,2024-01-17,Present
1103,36,2024-01-18,Present
1104,36,2024-01-19,Present
1105,36,2024-01-20,Late
1106,36,2024-01-21,Present
1107,36,2024-01-22,Absent
1108,36,2024-01-23,Present
1109,36,2024-01-24,Present
1110,36,2024-01-25,Present
1111,36,2024-01-26,Present
1112,36,2024-01-27,Present
1113,36,2024-01-28,Present
1114,36,2024-01-29,Present
1115,36,2024-01-30,Present
1116,36,2024-01-31,Present
1117,37,2024-01-01,Present
1118,37,2024-01-02,Present
1119,37,2024-01-03,Absent
1120,37,2024-01-04,Absent
1121,37,2024-01-05,Present
1122,37,2024-01-06,Present
1123,37,2024-01-07,Present
1124,37,2024-01-08,Absent
1125,37,2024-01-09,Present
1126,37,2024-01-10,Present
1127,37,2024-01-11,Present
1128,37,2024-01-12,Present
1129,37,2024-01-13,Present
1130,37,2024-01-14,Present
1131,37,2024-01-15,Present
1132,37,2024-01-16,Present
1133,37,2024-01-17,Present
1134,37,2024-01-18,Present
1135,37,2024-01-19,Present
1136,37,2024-01-20,Present
1137,37,2024-01-21,Present
1138,37,2024-01-22,Present
1139,37,2024-01-23,Present
1140,37,2024-01-24,Present
1141,37,2024-01-25,Present
1142,37,2024-01-26,Present
1143,37,2024-01-27,Present
1144,37,2024-01-28,Present
1145,37,2024-01-29,Present
1146,37,2024-01-30,Present
1147,37,2024-01-31,Absent
1148,38,2024-01-01,Present
1149,38,2024-01-02,Present
1150,38,2024-01-03,Present
1151,38,2024-01-04,Present
1152,38,2024-01-05,Present
1153,38,2024-01-06,Present
1154,38,2024-01-07,Present
1155,38,2024-01-08,Present
1156,38,2024-01-09,Absent
1157,38,2024-01-10,Present
1158,38,2024-01-11,Present
1159,38,2024-01-12,Present
1160,38,2024-01-13,Present
1161,38,2024-01-14,Present
1162,38,2024-01-15,Present
1163,38,2024-01-16,Present
1164,38,2024-01-17,Present
1165,38,2024-01-18,Present
1166,38,2024-01-19,Present
1167,38,2024-01-20,Present
1168,38,2024-01-21,Present
1169,38,2024-01-22,Present
1170,38,2024-01-23,Present
1171,38,2024-01-24,Present
1172,38,2024-01-25,Present
1173,38,2024-01-26,Present
1174,38,2024-01-27,Late
1175,38,2024-01-28,Present
1176,38,2024-01-29,Present
1177,38,2024-01-30,Present
1178,38,2024-01-31,Present
1179,39,2024-01-01,Present
1180,39,2024-01-02,Absent
1181,39,2024-01-03,Present
1182,39,2024-01-04,Present
1183,39,2024-01-05,Present
1184,39,2024-01-06,Present
1185,39,2024-01-07,Late
1186,39,2024-01-08,Present
1187,39,2024-01-09,Present
1188,39,2024-01-10,Present
1189,39,2024-01-11,Present
1190,39,2024-01-12,Present
1191,39,2024-01-13,Present
1192,39,2024-01-14,Present
1193,39,2024-01-15,Late
1194,39,2024-01-16,Late
1195,39,2024-01-17,Present
1196,39,2024-01-18,Present
1197,39,2024-01-19,Present
1198,39,2024-01-20,Present
1199,39,2024-01-21,Present
1200,39,2024-01-22,Present
1201,39,2024-01-23,Present
1202,39,2024-01-24,Present
1203,39,2024-01-25,Present
1204,39,2024-01-26,Present
1205,39,2024-01-27,Present
1206,39,2024-01-28,Late
1207,39,2024-01-29,Absent
1208,39,2024-01-30,Present
1209,39,2024-01-31,Present
1210,40,2024-01-01,Late
1211,40,2024-01-02,Present
1212,40,2024-01-03,Absent
1213,40,2024-01-04,Absent
1214,40,2024-01-05,Present
1215,40,2024-01-06,Present
1216,40,2024-01-07,Late
1217,40,2024-01-08,Present
1218,40,2024-01-09,Present
1219,40,2024-01-10,Present
1220,40,2024-01-11,Absent
1221,40,2024-01-12,Present
1222,40,2024-01-13,Present
1223,40,2024-01-14,Present
1224,40,2024-01-15,Present
1225,40,2024-01-16,Present
1226,40,2024-01-17,Present
1227,40,2024-01-18,Present
1228,40,2024-01-19,Present
1229,40,2024-01-20,Present
1230,40,2024-01-21,Present
1231,40,2024-01-22,Present
1232,40,2024-01-23,Present
1233,40,2024-01-24,Present
1234,40,2024-01-25,Late
1235,40,2024-01-26,Present
1236,40,2024-01-27,Absent
1237,40,2024-01-28,Present
1238,40,2024-01-29,Present
1239,40,2024-01-30,Present
1240,40,2024-01-31,Present
1241,41,2024-01-01,Present
1242,41,2024-01-02,Present
1243,41,2024-01-03,Present
1244,41,2024-01-04,Absent
1245,41,2024-01-05,Absent
1246,41,2024-01-06,Present
1247,41,2024-01-07,Present
1248,41,2024-01-08,Absent
1249,41,2024-01-09,Present
1250,41,2024-01-10,Present
1251,41,2024-01-11,Present
1252,41,2024-01-12,Present
1253,41,2024-01-13,Present
1254,41,2024-01-14,Absent
1255,41,2024-01-15,Absent
1256,41,2024-01-16,Present
1257,41,2024-01-17,Present
1258,41,2024-01-18,Present
1259,41,2024-01-19,Present
1260,41,2024-01-20,Present
1261,41,2024-01-21,Absent
1262,41,2024-01-22,Present
1263,41,2024-01-23,Present
1264,41,2024-01-24,Present
1265,41,2024-01-25,Present
1266,41,2024-01-26,Present
1267,41,2024-01-27,Present
1268,41,2024-01-28,Late
1269,41,2024-01-29,Present
1270,41,2024-01-30,Present
1271,41,2024-01-31,Present
1272,42,2024-01-01,Present
1273,42,2024-01-02,Present
1274,42,2024-01-03,Absent
1275,42,2024-01-04,Present
1276,42,2024-01-05,Present
1277,42,2024-01-06,Present
1278,42,2024-01-07,Present
1279,42,2024-01-08,Present
1280,42,2024-01-09,Present
1281,42,2024-01-10,Present
1282,42,2024-01-11,Present
1283,42,2024-01-12,Present
1284,42,2024-01-13,Present
1285,42,2024-01-14,Present
1286,42,2024-01-15,Present
1287,42,2024-01-16,Present
1288,42,2024-01-17,Present
1289,42,2024-01-18,Present
1290,42,2024-01-19,Absent
1291,42,2024-01-20,Present
1292,42,2024-01-21,Present
1293,42,2024-01-22,Present
1294,42,2024-01-23,Present
1295,42,2024-01-24,Present
1296,42,2024-01-25,Present
1297,42,2024-01-26,Present
1298,42,2024-01-27,Present
1299,42,2024-01-28,Present
1300,42,2024-01-29,Present
1301,42,2024-01-30,Present
1302,42,2024-01-31,Present
1303,43,2024-01-01,Present
1304,43,2024-01-02,Present
1305,43,2024-01-03,Present
1306,43,2024-01-04,Present
1307,43,2024-01-05,Present
1308,43,2024-01-06,Present
1309,43,2024-01-07,Present
1310,43,2024-01-08,Absent
1311,43,2024-01-09,Present
1312,43,2024-01-10,Present
1313,43,2024-01-11,Present
1314,43,2024-01-12,Present
1315,43,2024-01-13,Absent
1316,43,2024-01-14,Present
1317,43,2024-01-15,Present
1318,43,2024-01-16,Present
1319,43,2024-01-17,Absent
1320,43,2024-01-18,Present
1321,43,2024-01-19,Present
1322,43,2024-01-20,Present
1323,43,2024-01-21,Present
1324,43,2024-01-22,Present
1325,43,2024-01-23,Present
1326,43,2024-01-24,Absent
1327,43,2024-01-25,Present
1328,43,2024-01-26,Present
1329,43,2024-01-27,Present
1330,43,2024-01-28,Present
1331,43,2024-01-29,Present
1332,43,2024-01-30,Present
1333,43,2024-01-31,Present
1334,44,2024-01-01,Present
1335,44,2024-01-02,Present
1336,44,2024-01-03,Present
1337,44,2024-01-04,Present
1338,44,2024-01-05,Present
1339,44,2024-01-06,Absent
1340,44,2024-01-07,Present
1341,44,2024-01-08,Present
1342,44,2024-01-09,Present
1343,44,2024-01-10,Present
1344,44,2024-01-11,Present
1345,44,2024-01-12,Present
1346,44,2024-01-13,Present
1347,44,2024-01-14,Present
1348,44,2024-01-15,Present
1349,44,2024-01-16,Present
1350,44,2024-01-17,Present
1351,44,2024-01-18,Present
1352,44,2024-01-19,Present
1353,44,2024-01-20,Absent
1354,44,2024-01-21,Present
1355,44,2024-01-22,Late
1356,44,2024-01-23,Present
1357,44,2024-01-24,Present
1358,44,2024-01-25,Absent
1359,44,2024-01-26,Present
1360,44,2024-01-27,Present
1361,44,2024-01-28,Present
1362,44,2024-01-29,Present
1363,44,2024-01-30,Present
1364,44,2024-01-31,Present
1365,45,2024-01-01,Present
1366,45,2024-01-02,Present
1367,45,2024-01-03,Present
1368,45,2024-01-04,Present
1369,45,2024-01-05,Late
1370,45,2024-01-06,Present
1371,45,2024-01-07,Present
1372,45,2024-01-08,Present
1373,45,2024-01-09,Present
1374,45,2024-01-10,Present
1375,45,2024-01-11,Present
1376,45,2024-01-12,Late
1377,45,2024-01-13,Present
1378,45,2024-01-14,Late
1379,45,2024-01-15,Present
1380,45,2024-01-16,Present
1381,45,2024-01-17,Present
1382,45,2024-01-18,Present
1383,45,2024-01-19,Absent
1384,45,2024-01-20,Absent
1385,45,2024-01-21,Present
1386,45,2024-01-22,Present
1387,45,2024-01-23,Absent
1388,45,2024-01-24,Present
1389,45,2024-01-25,Late
1390,45,2024-01-26,Present
1391,45,2024-01-27,Present
1392,45,2024-01-28,Present
1393,45,2024-01-29,Present
1394,45,2024-01-30,Present
1395,45,2024-01-31,Present
1396,46,2024-01-01,Present
1397,46,2024-01-02,Present
1398,46,2024-01-03,Present
1399,46,2024-01-04,Present
1400,46,2024-01-05,Present
1401,46,2024-01-06,Present
1402,46,2024-01-07,Present
1403,46,2024-01-08,Present
1404,46,2024-01-09,Present
1405,46,2024-01-10,Present
1406,46,2024-01-11,Absent
1407,46,2024-01-12,Present
1408,46,2024-01-13,Present
1409,46,2024-01-14,Present
1410,46,2024-01-15,Present
1411,46,2024-01-16,Present
1412,46,2024-01-17,Present
1413,46,2024-01-18,Present
1414,46,2024-01-19,Present
1415,46,2024-01-20,Present
1416,46,2024-01-21,Present
1417,46,2024-01-22,Present
1418,46,2024-01-23,Present
1419,46,2024-01-24,Present
1420,46,2024-01-25,Present
1421,46,2024-01-26,Present
1422,46,2024-01-27,Present
1423,46,2024-01-28,Present
1424,46,2024-01-29,Late
1425,46,2024-01-30,Present
1426,46,2024-01-31,Present
1427,47,2024-01-01,Present
1428,47,2024-01-02,Present
1429,47,2024-01-03,Present
1430,47,2024-01-04,Present
1431,47,2024-01-05,Present
1432,47,2024-01-06,Late
1433,47,2024-01-07,Present
1434,47,2024-01-08,Absent
1435,47,2024-01-09,Present
1436,47,2024-01-10,Present
1437,47,2024-01-11,Present
1438,47,2024-01-12,Present
1439,47,2024-01-13,Present
1440,47,2024-01-14,Present
1441,47,2024-01-15,Present
1442,47,2024-01-16,Present
1443,47,2024-01-17,Present
1444,47,2024-01-18,Present
1445,47,2024-01-19,Present
1446,47,2024-01-20,Present
1447,47,2024-01-21,Present
1448,47,2024-01-22,Present
1449,47,2024-01-23,Present
1450,47,2024-01-24,Present
1451,47,2024-01-25,Late
1452,47,2024-01-26,Present
1453,47,2024-01-27,Present
1454,47,2024-01-28,Present
1455,47,2024-01-29,Present
1456,47,2024-01-30,Present
1457,47,2024-01-31,Present
1458,48,2024-01-01,Present
1459,48,2024-01-02,Present
1460,48,2024-01-03,Present
1461,48,2024-01-04,Present
1462,48,2024-01-05,Present
1463,48,2024-01-06,Present
1464,48,2024-01-07,Present
1465,48,2024-01-08,Absent
1466,48,2024-01-09,Absent
1467,48,2024-01-10,Present
1468,48,2024-01-11,Present
1469,48,2024-01-12,Present
1470,48,2024-01-13,Absent
1471,48,2024-01-14,Present
1472,48,2024-01-15,Present
1473,48,2024-01-16,Present
1474,48,2024-01-17,Present
1475,48,2024-01-18,Present
1476,48,2024-01-19,Present
1477,48,2024-01-20,Present
1478,48,2024-01-21,Present
1479,48,2024-01-22,Present
1480,48,2024-01-23,Present
1481,48,2024-01-24,Present
1482,48,2024-01-25,Present
1483,48,2024-01-26,Absent
1484,48,2024-01-27,Present
1485,48,2024-01-28,Late
1486,48,2024-01-29,Present
1487,48,2024-01-30,Present
1488,48,2024-01-31,Present
1489,49,2024-01-01,Present
1490,49,2024-01-02,Present
1491,49,2024-01-03,Present
1492,49,2024-01-04,Present
1493,49,2024-01-05,Present
1494,49,2024-01-06,Absent
1495,49,2024-01-07,Present
1496,49,2024-01-08,Present
1497,49,2024-01-09,Absent
1498,49,2024-01-10,Present
1499,49,2024-01-11,Present
1500,49,2024-01-12,Present
1501,49,2024-01-13,Present
1502,49,2024-01-14,Present
1503,49,2024-01-15,Present
1504,49,2024-01-16,Present
1505,49,2024-01-17,Present
1506,49,2024-01-18,Present
1507,49,2024-01-19,Present
1508,49,2024-01-20,Present
1509,49,2024-01-21,Present
1510,49,2024-01-22,Present
1511,49,2024-01-23,Present
1512,49,2024-01-24,Present
1513,49,2024-01-25,Present
1514,49,2024-01-26,Present
1515,49,2024-01-27,Absent
1516,49,2024-01-28,Present
1517,49,2024-01-29,Present
1518,49,2024-01-30,Present
1519,49,2024-01-31,Present
1520,50,2024-01-01,Present
1521,50,2024-01-02,Present
1522,50,2024-01-03,Present
1523,50,2024-01-04,Present
1524,50,2024-01-05,Present
1525,50,2024-01-06,Present
1526,50,2024-01-07,Present
1527,50,2024-01-08,Present
1528,50,2024-01-09,Late
1529,50,2024-01-10,Present
1530,50,2024-01-11,Present
1531,50,2024-01-12,Present
1532,50,2024-01-13,Present
1533,50,2024-01-14,Present
1534,50,2024-01-15,Present
1535,50,2024-01-16,Present
1536,50,2024-01-17,Present
1537,50,2024-01-18,Present
1538,50,2024-01-19,Present
1539,50,2024-01-20,Present
1540,50,2024-01-21,Present
1541,50,2024-01-22,Present
1542,50,2024-01-23,Present
1543,50,2024-01-24,Present
1544,50,2024-01-25,Present
1545,50,2024-01-26,Present
1546,50,2024-01-27,Present
1547,50,2024-01-28,Present
1548,50,2024-01-29,Present
1549,50,2024-01-30,Present
1550,50,2024-01-31,Present
1551,51,2024-01-01,Present
1552,51,2024-01-02,Present
1553,51,2024-01-03,Present
1554,51,2024-01-04,Present
1555,51,2024-01-05,Present
1556,51,2024-01-06,Present
1557,51,2024-01-07,Present
1558,51,2024-01-08,Present
1559,51,2024-01-09,Present
1560,51,2024-01-10,Absent
1561,51,2024-01-11,Present
1562,51,2024-01-12,Present
1563,51,2024-01-13,Present
1564,51,2024-01-14,Absent
1565,51,2024-01-15,Present
1566,51,2024-01-16,Present
1567,51,2024-01-17,Present
1568,51,2024-01-18,Present
1569,51,2024-01-19,Present
1570,51,2024-01-20,Present
1571,51,2024-01-21,Present
1572,51,2024-01-22,Present
1573,51,2024-01-23,Absent
1574,51,2024-01-24,Present
1575,51,2024-01-25,Absent
1576,51,2024-01-26,Present
1577,51,2024-01-27,Present
1578,51,2024-01-28,Present
1579,51,2024-01-29,Present
1580,51,2024-01-30,Present
1581,51,2024-01-31,Late
1582,52,2024-01-01,Late
1583,52,2024-01-02,Present
1584,52,2024-01-03,Present
1585,52,2024-01-04,Present
1586,52,2024-01-05,Present
1587,52,2024-01-06,Present
1588,52,2024-01-07,Present
1589,52,2024-01-08,Present
1590,52,2024-01-09,Present
1591,52,2024-01-10,Present
1592,52,2024-01-11,Present
1593,52,2024-01-12,Present
1594,52,2024-01-13,Present
1595,52,2024-01-14,Present
1596,52,2024-01-15,Present
1597,52,2024-01-16,Absent
1598,52,2024-01-17,Present
1599,52,2024-01-18,Present
1600,52,2024-01-19,Present
1601,52,2024-01-20,Present
1602,52,2024-01-21,Present
1603,52,2024-01-22,Present
1604,52,2024-01-23,Present
1605,52,2024-01-24,Present
1606,52,2024-01-25,Present
1607,52,2024-01-26,Present
1608,52,2024-01-27,Present
1609,52,2024-01-28,Present
1610,52,2024-01-29,Present
1611,52,2024-01-30,Present
1612,52,2024-01-31,Present
1613,53,2024-01-01,Present
1614,53,2024-01-02,Present
1615,53,2024-01-03,Present
1616,53,2024-01-04,Present
1617,53,2024-01-05,Late
1618,53,2024-01-06,Present
1619,53,2024-01-07,Present
1620,53,2024-01-08,Present
1621,53,2024-01-09,Present
1622,53,2024-01-10,Present
1623,53,2024-01-11,Present
1624,53,2024-01-12,Present
1625,53,2024-01-13,Present
1626,53,2024-01-14,Present
1627,53,2024-01-15,Present
1628,53,2024-01-16,Present
1629,53,2024-01-17,Present
1630,53,2024-01-18,Present
1631,53,2024-01-19,Absent
1632,53,2024-01-20,Present
1633,53,2024-01-21,Present
1634,53,2024-01-22,Present
1635,53,2024-01-23,Present
1636,53,2024-01-24,Absent
1637,53,2024-01-25,Present
1638,53,2024-01-26,Present
1639,53,2024-01-27,Absent
1640,53,2024-01-28,Absent
1641,53,2024-01-29,Present
1642,53,2024-01-30,Present
1643,53,2024-01-31,Present
1644,54,2024-01-01,Present
1645,54,2024-01-02,Present
1646,54,2024-01-03,Present
1647,54,2024-01-04,Present
1648,54,2024-01-05,Present
1649,54,2024-01-06,Present
1650,54,2024-01-07,Present
1651,54,2024-01-08,Present
1652,54,2024-01-09,Present
1653,54,2024-01-10,Present
1654,54,2024-01-11,Present
1655,54,2024-01-12,Present
1656,54,2024-01-13,Present
1657,54,2024-01-14,Absent
1658,54,2024-01-15,Present
1659,54,2024-01-16,Present
1660,54,2024-01-17,Present
1661,54,2024-01-18,Present
1662,54,2024-01-19,Present
1663,54,2024-01-20,Present
1664,54,2024-01-21,Present
1665,54,2024-01-22,Present
1666,54,2024-01-23,Present
1667,54,2024-01-24,Present
1668,54,2024-01-25,Present
1669,54,2024-01-26,Present
1670,54,2024-01-27,Present
1671,54,2024-01-28,Present
1672,54,2024-01-29,Present
1673,54,2024-01-30,Present
1674,54,2024-01-31,Present
1675,55,2024-01-01,Present
1676,55,2024-01-02,Present
1677,55,2024-01-03,Present
1678,55,2024-01-04,Present
1679,55,2024-01-05,Present
1680,55,2024-01-06,Present
1681,55,2024-01-07,Present
1682,55,2024-01-08,Present
1683,55,2024-01-09,Present
1684,55,2024-01-10,Present
1685,55,2024-01-11,Present
1686,55,2024-01-12,Absent
1687,55,2024-01-13,Present
1688,55,2024-01-14,Absent
1689,55,2024-01-15,Absent
1690,55,2024-01-16,Present
1691,55,2024-01-17,Absent
1692,55,2024-01-18,Present
1693,55,2024-01-19,Present
1694,55,2024-01-20,Present
1695,55,2024-01-21,Present
1696,55,2024-01-22,Present
1697,55,2024-01-23,Present
1698,55,2024-01-24,Present
1699,55,2024-01-25,Absent
1700,55,2024-01-26,Present
1701,55,2024-01-27,Present
1702,55,2024-01-28,Present
1703,55,2024-01-29,Absent
1704,55,2024-01-30,Absent
1705,55,2024-01-31,Present
1706,56,2024-01-01,Present
1707,56,2024-01-02,Present
1708,56,2024-01-03,Present
1709,56,2024-01-04,Absent
1710,56,2024-01-05,Present
1711,56,2024-01-06,Present
1712,56,2024-01-07,Present
1713,56,2024-01-08,Present
1714,56,2024-01-09,Present
1715,56,2024-01-10,Present
1716,56,2024-01-11,Late
1717,56,2024-01-12,Absent
1718,56,2024-01-13,Present
1719,56,2024-01-14,Present
1720,56,2024-01-15,Present
1721,56,2024-01-16,Present
1722,56,2024-01-17,Present
1723,56,2024-01-18,Present
1724,56,2024-01-19,Present
1725,56,2024-01-20,Present
1726,56,2024-01-21,Late
1727,56,2024-01-22,Present
1728,56,2024-01-23,Late
1729,56,2024-01-24,Present
1730,56,2024-01-25,Present
1731,56,2024-01-26,Present
1732,56,2024-01-27,Present
1733,56,2024-01-28,Late
1734,56,2024-01-29,Present
1735,56,2024-01-30,Present
1736,56,2024-01-31,Present
1737,57,2024-01-01,Present
1738,57,2024-01-02,Present
1739,57,2024-01-03,Present
1740,57,2024-01-04,Present
1741,57,2024-01-05,Present
1742,57,2024-01-06,Present
1743,57,2024-01-07,Present
1744,57,2024-01-08,Present
1745,57,2024-01-09,Present
1746,57,2024-01-10,Present
1747,57,2024-01-11,Present
1748,57,2024-01-12,Present
1749,57,2024-01-13,Present
1750,57,2024-01-14,Present
1751,57,2024-01-15,Present
1752,57,2024-01-16,Present
1753,57,2024-01-17,Present
1754,57,2024-01-18,Late
1755,57,2024-01-19,Present
1756,57,2024-01-20,Present
1757,57,2024-01-21,Absent
1758,57,2024-01-22,Present
1759,57,2024-01-23,Present
1760,57,2024-01-24,Present
1761,57,2024-01-25,Present
1762,57,2024-01-26,Present
1763,57,2024-01-27,Present
1764,57,2024-01-28,Absent
1765,57,2024-01-29,Late
1766,57,2024-01-30,Present
1767,57,2024-01-31,Present
1768,58,2024-01-01,Present
1769,58,2024-01-02,Present
1770,58,2024-01-03,Present
1771,58,2024-01-04,Present
1772,58,2024-01-05,Present
1773,58,2024-01-06,Present
1774,58,2024-01-07,Present
1775,58,2024-01-08,Present
1776,58,2024-01-09,Present
1777,58,2024-01-10,Present
1778,58,2024-01-11,Present
1779,58,2024-01-12,Present
1780,58,2024-01-13,Present
1781,58,2024-01-14,Present
1782,58,2024-01-15,Present
1783,58,2024-01-16,Present
1784,58,2024-01-17,Present
1785,58,2024-01-18,Present
1786,58,2024-01-19,Absent
1787,58,2024-01-20,Present
1788,58,2024-01-21,Present
1789,58,2024-01-22,Present
1790,58,2024-01-23,Present
1791,58,2024-01-24,Present
1792,58,2024-01-25,Late
1793,58,2024-01-26,Present
1794,58,2024-01-27,Absent
1795,58,2024-01-28,Present
1796,58,2024-01-29,Present
1797,58,2024-01-30,Present
1798,58,2024-01-31,Present
1799,59,2024-01-01,Present
1800,59,2024-01-02,Present
1801,59,2024-01-03,Present
1802,59,2024-01-04,Present
1803,59,2024-01-05,Present
1804,59,2024-01-06,Present
1805,59,2024-01-07,Present
1806,59,2024-01-08,Present
1807,59,2024-01-09,Present
1808,59,2024-01-10,Present
1809,59,2024-01-11,Present
1810,59,2024-01-12,Present
1811,59,2024-01-13,Present
1812,59,2024-01-14,Present
1813,59,2024-01-15,Present
1814,59,2024-01-16,Present
1815,59,2024-01-17,Present
1816,59,2024-01-18,Present
1817,59,2024-01-19,Present
1818,59,2024-01-20,Present
1819,59,2024-01-21,Present
1820,59,2024-01-22,Present
1821,59,2024-01-23,Present
1822,59,2024-01-24,Present
1823,59,2024-01-25,Present
1824,59,2024-01-26,Absent
1825,59,2024-01-27,Present
1826,59,2024-01-28,Present
1827,59,2024-01-29,Present
1828,59,2024-01-30,Present
1829,59,2024-01-31,Present
1830,60,2024-01-01,Present
1831,60,2024-01-02,Present
1832,60,2024-01-03,Present
1833,60,2024-01-04,Late
1834,60,2024-01-05,Present
1835,60,2024-01-06,Present
1836,60,2024-01-07,Present
1837,60,2024-01-08,Present
1838,60,2024-01-09,Present
1839,60,2024-01-10,Absent
1840,60,2024-01-11,Present
1841,60,2024-01-12,Present
1842,60,2024-01-13,Absent
1843,60,2024-01-14,Present
1844,60,2024-01-15,Present
1845,60,2024-01-16,Present
1846,60,2024-01-17,Present
1847,60,2024-01-18,Present
1848,60,2024-01-19,Absent
1849,60,2024-01-20,Present
1850,60,2024-01-21,Late
1851,60,2024-01-22,Present
1852,60,2024-01-23,Present
1853,60,2024-01-24,Absent
1854,60,2024-01-25,Present
1855,60,2024-01-26,Present
1856,60,2024-01-27,Present
1857,60,2024-01-28,Present
1858,60,2024-01-29,Absent
1859,60,2024-01-30,Present
1860,60,2024-01-31,Present
